fileName,MRCAoA,MRCColMeaningfulness,MRCConcreteness,MRCFamiliarity,MRCPavioMeaningfulness,POS_numAdjectives,POS_numAdverbs,POS_numNouns,POS_numVerbs,SYN_avgSentenceLength,SYN_numSentences,TRAD_Flesch,TRAD_Kincaid,TRAD_numChars,TRAD_numSyll,Word_TTR,Word_numWords,readinglevel
Amazon-adv.txt,0.32,1.95,1.89,4.13,0.22,0.11,0.03,0.34,0.16,19.38,36.0,48.68,13.04,5.09,1.55,0.45,698.0,2
Amazon-ele.txt,0.3,2.14,1.95,4.27,0.19,0.11,0.04,0.35,0.15,14.63,33.0,58.37,9.99,4.88,1.51,0.43,483.0,0
Amazon-int.txt,0.3,2.07,1.92,4.26,0.16,0.12,0.03,0.33,0.16,18.15,32.0,52.55,11.93,4.99,1.53,0.44,581.0,1
Amsterdam-adv.txt,0.29,1.98,1.78,3.97,0.17,0.09,0.04,0.29,0.22,25.94,19.0,60.34,10.69,4.91,1.44,0.48,493.0,2
Amsterdam-ele.txt,0.27,2.28,2.01,4.34,0.19,0.1,0.05,0.29,0.22,22.27,22.0,71.02,8.34,4.6,1.36,0.43,490.0,0
Amsterdam-int.txt,0.33,2.03,1.85,4.09,0.17,0.1,0.04,0.3,0.21,24.75,20.0,61.16,10.29,4.84,1.45,0.47,495.0,1
Anita-adv.txt,0.26,2.22,2.02,4.31,0.17,0.12,0.03,0.28,0.17,21.47,48.0,70.22,8.22,4.77,1.38,0.45,1031.0,2
Anita-ele.txt,0.32,2.48,2.28,4.64,0.17,0.11,0.04,0.28,0.16,19.61,26.0,80.61,6.32,4.42,1.28,0.48,510.0,0
Anita-int.txt,0.24,2.41,2.16,4.49,0.18,0.12,0.03,0.28,0.17,21.22,36.0,72.03,8.03,4.68,1.36,0.47,764.0,1
Arctic-mapping-adv.txt,0.28,2.16,2.09,4.28,0.16,0.08,0.04,0.33,0.18,32.03,27.0,63.19,11.62,4.74,1.35,0.49,865.0,2
Arctic-mapping-ele.txt,0.3,2.31,2.19,4.4,0.17,0.07,0.04,0.34,0.18,22.78,23.0,77.24,7.64,4.51,1.28,0.49,524.0,0
Arctic-mapping-int.txt,0.31,2.2,2.15,4.33,0.16,0.07,0.03,0.34,0.18,28.72,22.0,70.11,9.93,4.68,1.3,0.5,632.0,1
Banksy-adv.txt,0.29,2.3,2.14,4.49,0.34,0.06,0.03,0.3,0.18,29.03,29.0,72.36,9.68,4.57,1.27,0.41,842.0,2
Banksy-ele.txt,0.22,2.59,2.33,4.79,0.35,0.05,0.02,0.3,0.22,21.52,21.0,90.67,5.71,4.27,1.12,0.41,452.0,0
Banksy-int.txt,0.29,2.39,2.19,4.53,0.35,0.05,0.03,0.31,0.2,30.8,21.0,72.42,10.06,4.48,1.25,0.41,647.0,1
Billionaires-adv.txt,0.32,2.06,1.97,4.25,0.24,0.1,0.06,0.32,0.17,27.41,24.0,62.33,10.45,4.88,1.42,0.45,658.0,2
Billionaires-ele.txt,0.33,2.51,2.28,4.72,0.35,0.1,0.05,0.31,0.19,23.72,18.0,76.08,7.61,4.6,1.3,0.44,427.0,0
Billionaires-int.txt,0.27,2.18,2.02,4.39,0.24,0.1,0.05,0.31,0.19,24.0,23.0,72.9,8.18,4.66,1.33,0.44,552.0,1
Blackberry-adv.txt,0.25,2.12,1.94,4.23,0.16,0.07,0.05,0.36,0.16,20.13,53.0,70.99,7.65,4.85,1.39,0.44,1067.0,2
Blackberry-ele.txt,0.21,2.17,1.94,4.22,0.11,0.08,0.06,0.36,0.17,16.97,44.0,74.53,6.42,4.77,1.39,0.4,747.0,0
Blackberry-int.txt,0.21,2.13,1.93,4.26,0.18,0.07,0.06,0.36,0.16,19.38,49.0,71.47,7.48,4.78,1.39,0.42,950.0,1
Bolivia-adv.txt,0.31,1.69,1.73,3.94,0.17,0.09,0.03,0.33,0.18,27.96,32.0,50.22,12.46,5.13,1.55,0.41,895.0,2
Bolivia-ele.txt,0.38,1.87,1.88,4.14,0.13,0.09,0.03,0.32,0.2,20.67,31.0,65.42,8.7,4.89,1.45,0.39,641.0,0
Bolivia-int.txt,0.37,1.78,1.83,4.05,0.12,0.09,0.03,0.33,0.19,22.6,33.0,58.84,10.04,4.98,1.5,0.4,746.0,1
Bonus-pay-adv.txt,0.3,1.98,1.81,3.99,0.19,0.09,0.03,0.34,0.19,32.5,22.0,55.8,12.45,4.96,1.44,0.46,715.0,2
Bonus-pay-ele.txt,0.29,2.21,1.94,4.28,0.11,0.08,0.03,0.32,0.2,21.52,21.0,81.3,6.6,4.65,1.25,0.44,452.0,0
Bonus-pay-int.txt,0.33,2.02,1.84,4.02,0.16,0.09,0.03,0.34,0.19,23.0,25.0,67.84,8.73,4.9,1.4,0.46,575.0,1
Brazil-adv.txt,0.3,1.98,1.88,4.0,0.16,0.09,0.05,0.34,0.16,25.02,39.0,55.05,11.12,5.13,1.52,0.47,976.0,2
Brazil-ele.txt,0.32,2.24,2.06,4.3,0.16,0.1,0.03,0.35,0.17,20.18,32.0,62.21,8.93,5.0,1.49,0.45,646.0,0
Brazil-int.txt,0.34,2.06,1.97,4.13,0.18,0.09,0.04,0.35,0.17,22.02,36.0,58.88,9.85,5.1,1.51,0.46,793.0,1
Cigarettes-adv.txt,0.38,1.94,1.83,4.08,0.34,0.08,0.03,0.35,0.18,31.36,25.0,50.32,13.2,5.22,1.51,0.45,784.0,2
Cigarettes-ele.txt,0.31,2.2,1.89,4.3,0.19,0.09,0.04,0.32,0.19,22.95,23.0,66.72,9.01,4.99,1.41,0.4,528.0,0
Cigarettes-int.txt,0.41,1.98,1.85,4.2,0.34,0.08,0.02,0.35,0.18,30.0,22.0,52.19,12.66,5.19,1.5,0.44,660.0,1
Coal-to-challenge-oil-adv.txt,0.37,2.02,2.04,3.95,0.16,0.09,0.03,0.38,0.16,29.56,25.0,55.47,12.15,4.92,1.46,0.42,739.0,2
Coal-to-challenge-oil-ele.txt,0.47,2.3,2.34,4.32,0.26,0.08,0.04,0.38,0.14,21.63,19.0,81.19,6.74,4.49,1.25,0.44,411.0,0
Coal-to-challenge-oil-int.txt,0.43,2.08,2.16,4.04,0.21,0.09,0.03,0.4,0.13,27.64,17.0,62.99,10.66,4.87,1.4,0.46,470.0,1
Copyright-adv.txt,0.44,2.07,1.97,4.17,0.23,0.06,0.02,0.35,0.19,28.47,23.0,59.48,11.17,4.86,1.44,0.48,655.0,2
Copyright-ele.txt,0.38,2.27,2.08,4.26,0.24,0.06,0.03,0.34,0.2,23.91,23.0,67.99,8.99,4.76,1.38,0.47,550.0,0
Copyright-int.txt,0.45,2.12,2.01,4.2,0.24,0.06,0.02,0.36,0.19,27.86,23.0,60.12,10.95,4.87,1.44,0.48,641.0,1
Crowdfunding-adv.txt,0.3,2.33,2.16,4.6,0.28,0.07,0.03,0.3,0.19,26.0,40.0,68.71,9.57,4.51,1.34,0.41,1040.0,2
Crowdfunding-ele.txt,0.26,2.53,2.28,4.79,0.44,0.08,0.04,0.29,0.2,19.96,32.0,73.65,7.33,4.4,1.36,0.42,639.0,0
Crowdfunding-int.txt,0.29,2.38,2.19,4.65,0.38,0.07,0.03,0.29,0.2,24.08,37.0,69.9,8.98,4.45,1.35,0.4,891.0,1
Denmark-adv.txt,0.2,2.52,2.24,4.75,0.26,0.07,0.09,0.24,0.23,21.96,31.0,77.86,7.3,4.33,1.28,0.45,681.0,2
Denmark-ele.txt,0.24,2.55,2.26,4.78,0.25,0.06,0.07,0.24,0.24,18.52,34.0,85.91,5.41,4.24,1.22,0.41,630.0,0
Denmark-int.txt,0.19,2.49,2.21,4.74,0.25,0.07,0.08,0.24,0.24,21.31,32.0,80.71,6.76,4.26,1.26,0.43,682.0,1
Everest-adv.txt,0.28,2.12,1.98,4.19,0.25,0.09,0.04,0.3,0.19,19.76,52.0,77.28,6.85,4.72,1.32,0.43,1028.0,2
Everest-ele.txt,0.35,2.26,2.12,4.45,0.3,0.08,0.05,0.3,0.19,16.71,42.0,83.53,5.43,4.57,1.27,0.42,702.0,0
Everest-int.txt,0.31,2.14,2.02,4.25,0.25,0.09,0.04,0.31,0.18,19.66,51.0,79.64,6.5,4.64,1.29,0.42,1003.0,1
Exercise-adv.txt,0.23,2.2,2.0,4.3,0.26,0.09,0.05,0.29,0.17,22.95,43.0,65.95,9.25,4.74,1.41,0.43,987.0,2
Exercise-ele.txt,0.25,2.22,2.05,4.35,0.19,0.08,0.06,0.29,0.17,16.81,43.0,75.15,6.49,4.57,1.37,0.39,723.0,0
Exercise-int.txt,0.28,2.25,2.07,4.43,0.21,0.09,0.06,0.27,0.17,21.56,39.0,71.07,8.2,4.6,1.37,0.42,841.0,1
Facebook-deserted-by-millions-of-users-adv.txt,0.19,1.99,1.76,4.01,0.13,0.09,0.04,0.37,0.18,23.38,34.0,60.37,9.74,4.94,1.49,0.43,795.0,2
Facebook-deserted-by-millions-of-users-ele.txt,0.31,2.15,1.96,4.27,0.13,0.09,0.05,0.36,0.16,20.03,26.0,67.28,8.02,4.74,1.44,0.45,521.0,0
Facebook-deserted-by-millions-of-users-int.txt,0.22,2.06,1.82,4.08,0.14,0.08,0.05,0.38,0.18,21.66,30.0,61.5,9.15,4.86,1.5,0.45,650.0,1
False-memory-adv.txt,0.21,2.1,1.83,4.21,0.32,0.11,0.05,0.29,0.18,24.71,45.0,56.48,11.01,5.06,1.5,0.37,1112.0,2
False-memory-ele.txt,0.21,2.31,2.01,4.46,0.35,0.11,0.04,0.28,0.16,18.85,34.0,81.39,6.11,4.59,1.27,0.38,641.0,0
False-memory-int.txt,0.2,2.18,1.89,4.33,0.31,0.11,0.04,0.29,0.17,23.08,37.0,65.27,9.31,4.85,1.42,0.39,854.0,1
Ferguson-adv.txt,0.26,2.37,2.22,4.61,0.26,0.08,0.05,0.27,0.18,23.28,45.0,79.52,7.42,4.43,1.25,0.39,1048.0,2
Ferguson-ele.txt,0.21,2.56,2.32,4.82,0.26,0.08,0.04,0.27,0.17,18.44,38.0,89.69,4.85,4.22,1.18,0.36,701.0,0
Ferguson-int.txt,0.24,2.38,2.2,4.61,0.29,0.08,0.04,0.27,0.18,21.74,39.0,80.98,6.84,4.41,1.25,0.39,848.0,1
Fitness-adv.txt,0.21,2.44,2.23,4.34,0.28,0.08,0.07,0.28,0.19,19.86,46.0,87.6,5.39,4.41,1.19,0.46,914.0,2
Fitness-ele.txt,0.16,2.58,2.32,4.46,0.25,0.08,0.07,0.26,0.2,16.42,42.0,98.56,3.1,4.21,1.1,0.44,690.0,0
Fitness-int.txt,0.18,2.45,2.22,4.34,0.23,0.08,0.07,0.27,0.21,18.37,43.0,89.75,4.76,4.37,1.18,0.45,790.0,1
Food-shortages-adv.txt,0.39,2.1,2.04,4.14,0.43,0.1,0.03,0.36,0.16,30.76,25.0,45.22,14.04,5.16,1.56,0.45,769.0,2
Food-shortages-ele.txt,0.35,2.41,2.26,4.39,0.4,0.09,0.04,0.37,0.19,22.04,21.0,72.1,7.96,4.75,1.36,0.46,463.0,0
Food-shortages-int.txt,0.42,2.16,2.1,4.22,0.42,0.1,0.03,0.36,0.18,24.66,24.0,59.45,10.41,4.99,1.47,0.45,592.0,1
Gangs-adv.txt,0.26,2.27,2.11,4.49,0.22,0.08,0.06,0.23,0.23,17.14,67.0,87.06,4.77,4.39,1.23,0.38,1149.0,2
Gangs-ele.txt,0.3,2.27,2.19,4.53,0.32,0.08,0.05,0.26,0.22,14.58,51.0,93.06,3.42,4.32,1.19,0.39,744.0,0
Gangs-int.txt,0.28,2.29,2.18,4.56,0.31,0.08,0.06,0.24,0.23,14.79,62.0,91.95,3.62,4.3,1.2,0.38,917.0,1
Gorillas-and-oil-adv.txt,0.49,2.19,2.16,4.49,0.19,0.08,0.05,0.34,0.16,21.21,41.0,65.86,8.75,4.89,1.44,0.4,870.0,2
Gorillas-and-oil-ele.txt,0.65,2.39,2.36,4.74,0.17,0.07,0.02,0.38,0.15,17.88,25.0,77.34,6.41,4.61,1.34,0.44,447.0,0
Gorillas-and-oil-int.txt,0.52,2.3,2.24,4.63,0.16,0.08,0.05,0.34,0.17,19.91,34.0,71.22,7.67,4.77,1.39,0.42,677.0,1
Greeks-and-drugs-adv.txt,0.32,2.06,1.94,4.27,0.2,0.09,0.05,0.3,0.2,24.28,38.0,62.76,9.82,4.84,1.44,0.44,923.0,2
Greeks-and-drugs-ele.txt,0.29,2.24,2.03,4.47,0.26,0.1,0.03,0.29,0.21,17.6,30.0,77.49,6.22,4.47,1.34,0.42,528.0,0
Greeks-and-drugs-int.txt,0.3,2.09,1.94,4.33,0.21,0.09,0.05,0.29,0.22,20.28,39.0,67.49,8.24,4.7,1.43,0.43,791.0,1
Hillsborough-adv.txt,0.29,1.88,1.85,4.06,0.27,0.06,0.04,0.34,0.18,32.05,34.0,58.27,12.18,5.15,1.41,0.39,1090.0,2
Hillsborough-ele.txt,0.26,2.03,2.0,4.33,0.31,0.05,0.04,0.33,0.18,19.05,38.0,87.56,5.24,4.69,1.2,0.36,724.0,0
Hillsborough-int.txt,0.29,1.95,1.95,4.23,0.31,0.05,0.04,0.34,0.18,23.41,34.0,74.81,8.0,4.93,1.31,0.39,796.0,1
Insects-adv.txt,0.21,2.24,2.08,4.32,0.3,0.09,0.06,0.33,0.15,24.27,36.0,64.08,9.78,4.72,1.42,0.48,874.0,2
Insects-ele.txt,0.26,2.46,2.28,4.5,0.33,0.08,0.04,0.34,0.16,19.85,34.0,75.14,7.22,4.5,1.34,0.44,675.0,0
Insects-int.txt,0.23,2.27,2.11,4.36,0.3,0.09,0.06,0.33,0.17,22.44,34.0,67.43,9.07,4.63,1.39,0.46,763.0,1
Japan-adv.txt,0.25,2.46,2.21,4.56,0.21,0.05,0.05,0.29,0.2,16.95,65.0,76.19,6.29,4.52,1.36,0.4,1102.0,2
Japan-ele.txt,0.2,2.59,2.31,4.72,0.23,0.06,0.04,0.26,0.21,15.24,50.0,82.47,5.04,4.37,1.31,0.38,762.0,0
Japan-int.txt,0.25,2.52,2.28,4.67,0.25,0.05,0.05,0.28,0.21,15.6,56.0,78.57,5.72,4.41,1.35,0.41,874.0,1
Japan-menu-adv.txt,0.37,1.78,1.83,3.79,0.24,0.09,0.03,0.34,0.2,27.74,31.0,52.03,12.15,5.13,1.53,0.5,860.0,2
Japan-menu-ele.txt,0.35,1.97,2.03,4.04,0.22,0.09,0.03,0.35,0.19,21.95,21.0,60.21,9.91,4.97,1.48,0.52,461.0,0
Japan-menu-int.txt,0.36,1.86,1.91,3.93,0.19,0.09,0.02,0.34,0.2,26.68,25.0,53.68,11.67,5.05,1.52,0.49,667.0,1
Kashmir-adv.txt,0.25,2.2,2.0,4.29,0.22,0.08,0.06,0.3,0.18,21.39,53.0,70.1,8.14,4.72,1.39,0.45,1134.0,2
Kashmir-ele.txt,0.29,2.29,2.05,4.38,0.25,0.1,0.06,0.3,0.19,15.3,46.0,75.11,6.06,4.71,1.39,0.44,704.0,0
Kashmir-int.txt,0.31,2.25,2.08,4.42,0.28,0.08,0.05,0.31,0.19,16.96,54.0,72.31,6.81,4.73,1.41,0.45,916.0,1
Kate-and-William-adv.txt,0.27,1.91,1.79,3.97,0.27,0.08,0.03,0.32,0.17,27.53,26.0,58.62,11.24,4.96,1.45,0.46,716.0,2
Kate-and-William-ele.txt,0.35,2.21,2.15,4.48,0.4,0.05,0.03,0.34,0.17,20.06,15.0,78.01,6.88,4.62,1.3,0.47,301.0,0
Kate-and-William-int.txt,0.31,1.99,1.93,4.14,0.34,0.07,0.03,0.34,0.15,22.83,18.0,70.44,8.51,4.86,1.36,0.48,411.0,1
Kenya-adv.txt,0.25,2.02,1.86,4.04,0.14,0.11,0.04,0.3,0.18,27.81,33.0,60.99,10.97,4.99,1.42,0.43,918.0,2
Kenya-ele.txt,0.28,2.19,2.08,4.46,0.18,0.09,0.04,0.27,0.19,19.58,34.0,78.88,6.53,4.64,1.3,0.38,666.0,0
Kenya-int.txt,0.25,2.09,1.93,4.19,0.14,0.1,0.04,0.28,0.19,23.4,32.0,71.95,8.43,4.83,1.34,0.42,749.0,1
Liberia-adv.txt,0.27,2.36,2.2,4.39,0.25,0.07,0.04,0.32,0.19,23.84,46.0,69.19,8.81,4.58,1.37,0.38,1097.0,2
Liberia-ele.txt,0.29,2.66,2.51,4.74,0.33,0.07,0.03,0.33,0.18,20.79,34.0,79.8,6.73,4.25,1.27,0.38,707.0,0
Liberia-int.txt,0.28,2.5,2.32,4.56,0.27,0.08,0.03,0.32,0.19,22.62,40.0,72.97,8.05,4.48,1.34,0.39,905.0,1
Lie-detector-adv.txt,0.29,2.08,1.88,4.19,0.33,0.08,0.04,0.3,0.19,25.39,38.0,58.57,10.6,4.98,1.48,0.45,965.0,2
Lie-detector-ele.txt,0.29,2.28,1.99,4.37,0.33,0.09,0.03,0.31,0.19,18.5,26.0,76.67,6.52,4.71,1.34,0.47,481.0,0
Lie-detector-int.txt,0.31,2.24,1.99,4.42,0.35,0.07,0.04,0.31,0.19,21.04,41.0,70.09,8.03,4.79,1.39,0.42,863.0,1
Life-expectancy-adv.txt,0.27,2.21,2.0,4.47,0.34,0.09,0.05,0.29,0.17,25.28,38.0,68.25,9.21,4.7,1.37,0.43,961.0,2
Life-expectancy-ele.txt,0.27,2.33,2.1,4.59,0.37,0.1,0.05,0.3,0.16,19.37,37.0,80.74,6.12,4.48,1.29,0.42,717.0,0
Life-expectancy-int.txt,0.26,2.25,2.02,4.54,0.32,0.1,0.05,0.29,0.18,22.35,40.0,71.97,8.02,4.61,1.36,0.42,894.0,1
Life-on-Mars-adv.txt,0.35,2.2,2.09,4.4,0.36,0.06,0.04,0.31,0.19,25.8,41.0,73.3,8.7,4.61,1.3,0.4,1058.0,2
Life-on-Mars-ele.txt,0.27,2.26,2.13,4.44,0.36,0.06,0.03,0.31,0.18,20.92,27.0,81.4,6.45,4.5,1.26,0.41,565.0,0
Life-on-Mars-int.txt,0.34,2.22,2.11,4.45,0.37,0.06,0.04,0.31,0.19,24.23,30.0,75.18,8.05,4.57,1.3,0.42,727.0,1
Loterry-adv.txt,0.26,1.92,1.82,4.03,0.21,0.07,0.04,0.35,0.17,23.4,30.0,70.92,7.7,4.73,1.39,0.43,702.0,2
Loterry-ele.txt,0.25,2.02,1.87,4.0,0.25,0.09,0.04,0.34,0.18,19.55,27.0,73.1,6.57,4.74,1.41,0.41,528.0,0
Loterry-int.txt,0.26,1.97,1.83,4.03,0.26,0.08,0.04,0.35,0.17,22.24,29.0,72.01,7.25,4.69,1.39,0.43,645.0,1
Malala-adv.txt,0.25,2.34,2.16,4.48,0.22,0.07,0.04,0.3,0.17,23.21,38.0,69.85,8.62,4.66,1.37,0.45,882.0,2
Malala-ele.txt,0.22,2.55,2.32,4.71,0.26,0.04,0.03,0.31,0.17,19.6,30.0,83.41,5.84,4.46,1.25,0.43,588.0,0
Malala-int.txt,0.25,2.39,2.2,4.56,0.23,0.06,0.04,0.3,0.18,22.31,38.0,72.66,8.03,4.58,1.34,0.43,848.0,1
Meteorite-adv.txt,0.34,2.07,2.02,4.2,0.38,0.09,0.04,0.32,0.17,22.21,38.0,66.88,8.86,4.82,1.41,0.47,844.0,2
Meteorite-ele.txt,0.27,2.42,2.23,4.5,0.45,0.08,0.04,0.32,0.17,15.84,33.0,85.09,4.85,4.56,1.27,0.46,523.0,0
Meteorite-int.txt,0.29,2.19,2.07,4.32,0.4,0.09,0.05,0.31,0.17,19.85,35.0,71.73,7.64,4.75,1.38,0.46,695.0,1
Midlife-crisis-adv.txt,0.26,2.15,1.93,4.39,0.26,0.1,0.03,0.3,0.15,24.22,31.0,67.65,9.15,4.86,1.38,0.41,751.0,2
Midlife-crisis-ele.txt,0.25,2.33,2.09,4.62,0.33,0.1,0.02,0.31,0.15,21.41,24.0,76.77,7.26,4.65,1.3,0.42,514.0,0
Midlife-crisis-int.txt,0.28,2.19,1.99,4.5,0.3,0.09,0.03,0.31,0.14,22.77,27.0,71.94,8.23,4.78,1.35,0.42,615.0,1
Murderers-beware-adv.txt,0.31,2.08,1.89,4.09,0.37,0.1,0.06,0.29,0.18,28.0,25.0,52.69,12.19,5.09,1.51,0.46,700.0,2
Murderers-beware-ele.txt,0.32,2.26,2.01,4.3,0.36,0.09,0.05,0.3,0.18,20.9,20.0,65.3,8.8,4.92,1.44,0.44,418.0,0
Murderers-beware-int.txt,0.33,2.27,2.02,4.27,0.37,0.1,0.06,0.31,0.18,22.11,26.0,59.99,9.79,5.02,1.49,0.45,575.0,1
NSA-2-adv.txt,0.52,1.82,1.9,4.1,0.11,0.07,0.04,0.37,0.18,27.13,37.0,46.14,13.0,5.38,1.6,0.4,1004.0,2
NSA-2-ele.txt,0.57,2.13,2.15,4.47,0.16,0.06,0.05,0.35,0.18,18.44,29.0,71.52,7.42,4.95,1.39,0.42,535.0,0
NSA-2-int.txt,0.52,1.9,1.97,4.27,0.14,0.07,0.04,0.37,0.18,23.58,31.0,54.8,10.97,5.22,1.53,0.42,731.0,1
NSA-scandal-adv.txt,0.41,1.77,1.78,4.02,0.17,0.05,0.03,0.37,0.16,26.2,40.0,50.73,11.98,5.28,1.56,0.37,1048.0,2
NSA-scandal-ele.txt,0.35,2.01,1.91,4.32,0.25,0.05,0.03,0.35,0.16,25.28,25.0,63.77,9.89,4.91,1.42,0.38,632.0,0
NSA-scandal-int.txt,0.4,1.91,1.89,4.21,0.21,0.04,0.02,0.38,0.15,25.38,34.0,56.01,11.05,5.17,1.51,0.36,863.0,1
Nelson-Mandela-adv.txt,0.33,2.44,2.19,4.46,0.33,0.07,0.02,0.34,0.17,21.73,49.0,70.43,8.19,4.72,1.38,0.42,1065.0,2
Nelson-Mandela-ele.txt,0.29,2.55,2.32,4.55,0.44,0.07,0.03,0.38,0.16,20.0,27.0,77.6,6.69,4.64,1.32,0.47,540.0,0
Nelson-Mandela-int.txt,0.34,2.57,2.29,4.56,0.36,0.07,0.02,0.34,0.18,19.35,42.0,75.83,6.86,4.63,1.34,0.43,813.0,1
Nepal-adv.txt,0.22,1.91,1.73,3.77,0.12,0.09,0.02,0.38,0.18,22.75,28.0,62.53,9.43,4.92,1.46,0.47,637.0,2
Nepal-ele.txt,0.22,2.12,1.92,4.09,0.14,0.08,0.02,0.37,0.18,19.33,30.0,70.22,7.58,4.72,1.41,0.44,580.0,0
Nepal-int.txt,0.23,2.02,1.82,3.98,0.13,0.08,0.01,0.38,0.18,21.27,29.0,67.39,8.42,4.8,1.42,0.46,617.0,1
Norwegian-sun-adv.txt,0.28,2.43,2.23,4.55,0.32,0.09,0.07,0.28,0.16,18.87,56.0,83.07,5.74,4.57,1.26,0.41,1057.0,2
Norwegian-sun-ele.txt,0.32,2.58,2.4,4.76,0.4,0.09,0.05,0.28,0.15,17.31,47.0,92.17,4.15,4.45,1.17,0.41,814.0,0
Norwegian-sun-int.txt,0.3,2.51,2.31,4.65,0.33,0.09,0.05,0.27,0.17,17.35,54.0,89.02,4.57,4.48,1.21,0.4,937.0,1
Obama-adv.txt,0.27,2.16,1.96,4.21,0.2,0.08,0.05,0.29,0.18,25.48,43.0,62.0,10.14,4.82,1.44,0.41,1096.0,2
Obama-ele.txt,0.24,2.3,2.07,4.43,0.22,0.07,0.06,0.29,0.2,21.12,25.0,79.25,6.75,4.52,1.28,0.45,528.0,0
Obama-int.txt,0.28,2.26,2.03,4.29,0.2,0.08,0.05,0.3,0.18,23.44,34.0,65.74,9.18,4.73,1.42,0.43,797.0,1
Old-age-adv.txt,0.3,2.08,1.82,4.01,0.18,0.15,0.03,0.33,0.14,27.6,33.0,45.41,12.75,5.25,1.62,0.44,911.0,2
Old-age-ele.txt,0.29,2.42,1.99,4.44,0.16,0.16,0.05,0.31,0.15,23.45,24.0,56.17,10.47,5.0,1.53,0.43,563.0,0
Old-age-int.txt,0.33,2.15,1.87,4.18,0.21,0.15,0.04,0.34,0.14,26.58,29.0,46.54,12.43,5.25,1.62,0.45,771.0,1
Organs-adv.txt,0.42,2.15,2.0,4.39,0.12,0.05,0.03,0.3,0.21,23.58,36.0,72.89,8.46,4.65,1.32,0.39,849.0,2
Organs-ele.txt,0.36,2.37,2.17,4.62,0.2,0.06,0.04,0.3,0.19,22.39,23.0,78.81,7.35,4.42,1.26,0.41,515.0,0
Organs-int.txt,0.42,2.15,2.01,4.39,0.17,0.06,0.03,0.31,0.2,23.86,29.0,73.37,8.48,4.61,1.31,0.4,692.0,1
Pope-adv.txt,0.23,2.37,2.13,4.49,0.22,0.06,0.06,0.25,0.2,25.19,41.0,80.95,7.68,4.41,1.21,0.41,1033.0,2
Pope-ele.txt,0.27,2.39,2.2,4.58,0.26,0.07,0.04,0.27,0.2,18.6,38.0,93.07,4.44,4.28,1.14,0.4,707.0,0
Pope-int.txt,0.22,2.37,2.15,4.5,0.27,0.07,0.06,0.25,0.2,21.16,37.0,86.24,5.96,4.35,1.19,0.42,783.0,1
Prince-Harry-adv.txt,0.2,2.49,2.21,4.53,0.19,0.05,0.07,0.25,0.18,22.9,41.0,75.31,7.9,4.48,1.3,0.39,939.0,2
Prince-Harry-ele.txt,0.21,2.76,2.45,4.84,0.16,0.05,0.06,0.24,0.17,16.96,31.0,93.15,4.04,4.18,1.16,0.4,526.0,0
Prince-Harry-int.txt,0.21,2.61,2.33,4.7,0.22,0.04,0.07,0.25,0.18,20.36,36.0,83.76,6.14,4.35,1.23,0.39,733.0,1
Rats-adv.txt,0.26,2.1,1.93,4.17,0.22,0.08,0.05,0.28,0.19,22.45,35.0,65.63,9.28,4.92,1.41,0.43,786.0,2
Rats-ele.txt,0.29,2.2,2.0,4.38,0.21,0.08,0.05,0.29,0.19,18.17,39.0,77.91,6.45,4.75,1.32,0.38,709.0,0
Rats-int.txt,0.27,2.14,1.93,4.24,0.18,0.09,0.05,0.27,0.2,20.69,36.0,71.39,7.92,4.83,1.37,0.41,745.0,1
Richard-III-adv.txt,0.3,2.28,2.18,4.35,0.48,0.09,0.06,0.29,0.16,32.0,33.0,71.72,10.41,4.54,1.25,0.42,1056.0,2
Richard-III-ele.txt,0.28,2.45,2.32,4.56,0.56,0.07,0.06,0.3,0.17,21.36,36.0,87.22,5.83,4.37,1.18,0.39,769.0,0
Richard-III-int.txt,0.32,2.34,2.24,4.44,0.55,0.08,0.06,0.3,0.15,26.27,33.0,76.87,8.4,4.53,1.25,0.42,867.0,1
Royal-Baby-adv.txt,0.3,2.36,2.22,4.46,0.45,0.08,0.03,0.34,0.14,25.52,42.0,77.92,7.92,4.67,1.25,0.39,1072.0,2
Royal-Baby-ele.txt,0.3,2.52,2.34,4.57,0.55,0.07,0.03,0.36,0.13,21.71,32.0,83.46,6.26,4.58,1.23,0.39,695.0,0
Royal-Baby-int.txt,0.28,2.42,2.24,4.48,0.47,0.08,0.03,0.34,0.13,23.62,35.0,81.73,6.96,4.62,1.23,0.39,827.0,1
Skydiver-adv.txt,0.31,2.33,2.23,4.47,0.19,0.07,0.05,0.31,0.19,24.52,42.0,77.93,7.78,4.68,1.26,0.43,1030.0,2
Skydiver-ele.txt,0.33,2.54,2.41,4.74,0.18,0.09,0.05,0.3,0.17,18.12,41.0,90.52,4.6,4.47,1.18,0.42,743.0,0
Skydiver-int.txt,0.33,2.35,2.23,4.47,0.21,0.08,0.05,0.31,0.18,20.97,41.0,82.16,6.41,4.67,1.25,0.44,860.0,1
Spain-adv.txt,0.22,2.12,1.97,4.23,0.24,0.08,0.05,0.32,0.17,30.0,37.0,61.45,11.38,4.82,1.39,0.45,1110.0,2
Spain-ele.txt,0.21,2.37,2.14,4.58,0.19,0.09,0.05,0.31,0.18,17.65,38.0,81.79,5.87,4.52,1.28,0.42,671.0,0
Spain-int.txt,0.22,2.2,2.04,4.41,0.2,0.09,0.05,0.3,0.17,27.31,29.0,66.31,10.11,4.73,1.36,0.46,792.0,1
Starbucks-adv.txt,0.41,1.95,1.93,4.04,0.24,0.07,0.03,0.39,0.15,26.8,31.0,60.68,10.65,5.02,1.44,0.47,831.0,2
Starbucks-ele.txt,0.47,2.04,2.0,4.11,0.18,0.08,0.04,0.37,0.18,22.5,20.0,66.2,8.93,4.89,1.42,0.49,450.0,0
Starbucks-int.txt,0.45,1.99,1.96,4.05,0.23,0.07,0.02,0.39,0.16,22.56,32.0,66.4,8.84,5.0,1.42,0.48,722.0,1
Superbugs-adv.txt,0.29,2.07,1.9,4.25,0.27,0.12,0.06,0.27,0.17,19.05,53.0,57.31,9.49,5.18,1.56,0.41,1010.0,2
Superbugs-ele.txt,0.22,2.5,2.14,4.63,0.39,0.12,0.07,0.28,0.18,15.9,33.0,61.74,8.11,4.94,1.54,0.4,525.0,0
Superbugs-int.txt,0.32,2.24,2.06,4.56,0.34,0.12,0.06,0.27,0.17,18.27,47.0,63.12,8.51,4.99,1.5,0.39,859.0,1
Swedish-prisons-adv.txt,0.34,2.13,2.01,4.37,0.27,0.08,0.06,0.29,0.19,23.02,44.0,64.02,9.34,4.81,1.44,0.41,1013.0,2
Swedish-prisons-ele.txt,0.29,2.32,2.15,4.74,0.35,0.07,0.05,0.29,0.17,22.09,21.0,72.26,7.92,4.71,1.36,0.44,464.0,0
Swedish-prisons-int.txt,0.3,2.24,2.11,4.5,0.29,0.07,0.05,0.29,0.19,20.45,37.0,69.89,8.05,4.71,1.39,0.41,757.0,1
Syria-adv.txt,0.32,2.09,1.98,4.08,0.3,0.1,0.06,0.29,0.19,22.97,42.0,62.16,9.69,4.86,1.46,0.53,965.0,2
Syria-ele.txt,0.29,2.35,2.16,4.39,0.33,0.08,0.09,0.28,0.19,17.47,36.0,75.36,6.58,4.59,1.36,0.48,629.0,0
Syria-int.txt,0.36,2.27,2.13,4.39,0.32,0.1,0.08,0.28,0.19,20.57,40.0,67.83,8.34,4.75,1.42,0.5,823.0,1
Teff-adv.txt,0.27,1.87,1.76,3.85,0.16,0.12,0.03,0.34,0.16,23.31,44.0,53.61,10.89,5.09,1.56,0.46,1026.0,2
Teff-ele.txt,0.25,2.12,1.94,4.15,0.13,0.12,0.06,0.33,0.14,18.12,32.0,66.05,7.97,4.68,1.47,0.46,580.0,0
Teff-int.txt,0.26,2.01,1.84,4.03,0.16,0.12,0.04,0.33,0.17,21.91,37.0,58.16,9.95,4.94,1.52,0.45,811.0,1
Thatcher-adv.txt,0.38,2.2,2.1,4.11,0.32,0.12,0.03,0.31,0.14,29.57,33.0,55.99,11.99,5.03,1.46,0.48,976.0,2
Thatcher-ele.txt,0.39,2.42,2.29,4.5,0.39,0.12,0.04,0.29,0.15,19.67,31.0,74.49,7.2,4.77,1.35,0.44,610.0,0
Thatcher-int.txt,0.39,2.31,2.2,4.33,0.4,0.11,0.03,0.31,0.15,25.03,32.0,62.69,10.04,4.98,1.43,0.45,801.0,1
US-shutdown-adv.txt,0.3,1.99,1.9,4.02,0.23,0.07,0.05,0.32,0.18,24.96,26.0,59.85,10.43,4.97,1.47,0.5,649.0,2
US-shutdown-ele.txt,0.33,2.22,2.06,4.45,0.35,0.06,0.05,0.3,0.19,16.07,26.0,79.28,5.69,4.72,1.33,0.52,418.0,0
US-shutdown-int.txt,0.33,2.07,1.96,4.16,0.24,0.05,0.05,0.34,0.18,19.11,26.0,70.63,7.56,4.82,1.4,0.52,497.0,1
Violence-adv.txt,0.29,2.1,1.88,4.21,0.25,0.09,0.04,0.3,0.15,25.45,33.0,57.73,10.88,4.93,1.48,0.39,840.0,2
Violence-ele.txt,0.31,2.0,1.82,4.15,0.22,0.09,0.03,0.33,0.15,19.77,31.0,63.95,8.7,4.87,1.47,0.38,613.0,0
Violence-int.txt,0.32,2.08,1.89,4.25,0.24,0.09,0.04,0.3,0.16,24.96,31.0,59.03,10.57,4.94,1.47,0.39,774.0,1
WNL-101-year-old-bottle-message-adv.txt,0.19,2.56,2.44,4.86,0.45,0.05,0.04,0.25,0.2,23.46,30.0,93.61,5.33,4.26,1.09,0.36,704.0,2
WNL-101-year-old-bottle-message-ele.txt,0.17,2.55,2.46,4.88,0.41,0.05,0.05,0.24,0.19,18.45,35.0,101.05,3.17,4.19,1.05,0.35,646.0,0
WNL-101-year-old-bottle-message-int.txt,0.16,2.55,2.43,4.87,0.41,0.06,0.04,0.23,0.21,22.61,31.0,95.68,4.87,4.2,1.07,0.34,701.0,1
WNL-A-good-night-sleep-adv.txt,0.25,2.42,2.2,4.65,0.2,0.08,0.06,0.3,0.19,20.69,46.0,73.76,7.49,4.57,1.35,0.41,952.0,2
WNL-A-good-night-sleep-ele.txt,0.27,2.58,2.31,4.84,0.19,0.09,0.05,0.27,0.2,18.0,38.0,79.57,6.08,4.36,1.31,0.41,684.0,0
WNL-A-good-night-sleep-int.txt,0.24,2.48,2.22,4.64,0.2,0.08,0.06,0.29,0.19,17.48,49.0,76.28,6.43,4.53,1.35,0.41,857.0,1
WNL-Apple-adv.txt,0.36,2.04,2.0,4.27,0.35,0.11,0.04,0.37,0.14,26.9,33.0,58.72,10.51,4.97,1.48,0.43,888.0,2
WNL-Apple-ele.txt,0.39,2.19,2.12,4.43,0.35,0.11,0.06,0.37,0.12,18.06,32.0,71.15,6.8,4.67,1.43,0.42,578.0,0
WNL-Apple-int.txt,0.37,2.09,2.08,4.41,0.36,0.11,0.04,0.37,0.13,23.96,30.0,66.76,8.59,4.81,1.43,0.45,719.0,1
WNL-Arctic-Ramadan-adv.txt,0.24,2.23,2.01,4.27,0.19,0.08,0.05,0.29,0.16,22.95,42.0,74.95,7.89,4.55,1.31,0.39,964.0,2
WNL-Arctic-Ramadan-ele.txt,0.22,2.43,2.17,4.54,0.19,0.08,0.06,0.28,0.15,18.27,37.0,85.32,5.36,4.29,1.24,0.37,676.0,0
WNL-Arctic-Ramadan-int.txt,0.25,2.27,2.08,4.41,0.18,0.09,0.06,0.29,0.15,19.9,41.0,78.91,6.63,4.46,1.3,0.38,816.0,1
WNL-Are-MOOCs-the-future-adv.txt,0.29,2.04,1.84,4.15,0.15,0.09,0.07,0.31,0.19,27.91,37.0,49.0,12.65,5.06,1.56,0.44,1033.0,2
WNL-Are-MOOCs-the-future-ele.txt,0.3,2.2,1.91,4.36,0.23,0.1,0.05,0.31,0.19,18.87,39.0,58.61,9.28,5.0,1.54,0.41,736.0,0
WNL-Are-MOOCs-the-future-int.txt,0.31,2.12,1.9,4.32,0.19,0.09,0.06,0.31,0.18,22.45,37.0,52.89,10.89,5.05,1.57,0.43,831.0,1
WNL-Bangladesh-factory-owners-adv.txt,0.25,2.01,1.96,4.22,0.35,0.05,0.05,0.32,0.22,30.68,22.0,52.85,13.13,4.95,1.46,0.41,675.0,2
WNL-Bangladesh-factory-owners-ele.txt,0.23,2.06,2.04,4.29,0.41,0.06,0.04,0.34,0.19,22.62,24.0,58.61,10.32,5.01,1.49,0.4,543.0,0
WNL-Bangladesh-factory-owners-int.txt,0.22,2.02,1.97,4.24,0.35,0.06,0.05,0.32,0.22,28.08,23.0,54.92,12.21,4.96,1.47,0.41,646.0,1
WNL-Bangladeshi-organization-adv.txt,0.34,2.42,2.29,4.48,0.21,0.07,0.03,0.34,0.19,20.25,44.0,66.39,8.45,4.92,1.44,0.4,891.0,2
WNL-Bangladeshi-organization-ele.txt,0.24,2.81,2.53,4.81,0.17,0.08,0.03,0.31,0.21,16.38,26.0,88.55,4.42,4.45,1.22,0.42,426.0,0
WNL-Bangladeshi-organization-int.txt,0.32,2.56,2.39,4.63,0.19,0.08,0.03,0.33,0.2,20.18,38.0,70.7,7.83,4.77,1.39,0.39,767.0,1
WNL-Barack-Obama-adv.txt,0.28,2.23,2.01,4.4,0.24,0.08,0.03,0.31,0.2,27.03,31.0,61.9,10.62,4.8,1.42,0.47,838.0,2
WNL-Barack-Obama-ele.txt,0.31,2.47,2.22,4.72,0.28,0.07,0.04,0.33,0.2,22.0,17.0,70.25,8.19,4.66,1.38,0.5,374.0,0
WNL-Barack-Obama-int.txt,0.29,2.3,2.02,4.44,0.22,0.07,0.04,0.3,0.22,23.39,28.0,65.27,9.28,4.77,1.42,0.46,655.0,1
WNL-Basic-phone-logs-adv.txt,0.3,1.96,1.85,4.12,0.14,0.09,0.03,0.33,0.16,24.53,41.0,51.08,11.53,5.22,1.58,0.42,1006.0,2
WNL-Basic-phone-logs-ele.txt,0.25,2.38,2.08,4.44,0.17,0.06,0.03,0.33,0.16,19.44,27.0,70.39,7.63,4.86,1.41,0.4,525.0,0
WNL-Basic-phone-logs-int.txt,0.3,2.22,2.01,4.36,0.15,0.08,0.03,0.34,0.16,21.32,31.0,62.62,9.15,5.02,1.48,0.4,661.0,1
WNL-Billionaires-adv.txt,0.37,2.17,2.11,4.19,0.36,0.1,0.04,0.33,0.17,22.45,46.0,70.13,8.37,4.8,1.37,0.46,1033.0,2
WNL-Billionaires-ele.txt,0.31,2.32,2.22,4.4,0.32,0.08,0.04,0.32,0.19,17.32,40.0,83.94,5.46,4.47,1.26,0.45,693.0,0
WNL-Billionaires-int.txt,0.32,2.17,2.11,4.23,0.36,0.1,0.04,0.32,0.18,20.87,41.0,73.76,7.55,4.67,1.35,0.48,856.0,1
WNL-Black-Friday-adv.txt,0.19,2.42,2.18,4.43,0.18,0.07,0.07,0.31,0.19,18.15,45.0,86.24,5.07,4.39,1.23,0.42,817.0,2
WNL-Black-Friday-ele.txt,0.16,2.53,2.21,4.56,0.18,0.08,0.07,0.28,0.21,15.36,41.0,95.54,3.23,4.24,1.15,0.42,630.0,0
WNL-Black-Friday-int.txt,0.15,2.46,2.19,4.46,0.15,0.07,0.07,0.29,0.2,15.55,47.0,91.71,3.8,4.34,1.19,0.4,731.0,1
WNL-Bogus-Allergy-adv.txt,0.21,2.15,1.94,4.13,0.2,0.09,0.04,0.31,0.2,27.03,29.0,53.5,11.86,4.94,1.51,0.44,784.0,2
WNL-Bogus-Allergy-ele.txt,0.23,2.42,2.15,4.45,0.2,0.06,0.07,0.3,0.21,20.7,27.0,68.72,8.36,4.57,1.4,0.39,559.0,0
WNL-Bogus-Allergy-int.txt,0.26,2.25,2.03,4.25,0.2,0.1,0.04,0.3,0.2,22.37,32.0,59.8,9.95,4.84,1.49,0.44,716.0,1
WNL-Bright-Future-adv.txt,0.32,2.23,2.12,4.36,0.34,0.09,0.04,0.35,0.17,18.51,52.0,67.77,7.85,4.95,1.44,0.45,963.0,2
WNL-Bright-Future-ele.txt,0.3,2.42,2.25,4.64,0.41,0.11,0.05,0.33,0.16,17.04,42.0,69.85,7.27,4.85,1.43,0.42,716.0,0
WNL-Bright-Future-int.txt,0.31,2.32,2.2,4.5,0.35,0.11,0.04,0.35,0.17,17.71,46.0,66.36,7.88,4.92,1.47,0.45,815.0,1
WNL-Brown-bears-adv.txt,0.33,1.84,1.69,3.73,0.1,0.1,0.02,0.35,0.17,28.57,28.0,49.55,12.64,5.3,1.55,0.44,800.0,2
WNL-Brown-bears-ele.txt,0.29,2.1,1.83,4.04,0.17,0.08,0.05,0.34,0.18,19.71,32.0,70.23,7.86,4.83,1.4,0.4,631.0,0
WNL-Brown-bears-int.txt,0.35,1.91,1.76,3.86,0.09,0.1,0.03,0.34,0.17,22.54,33.0,61.42,9.69,5.13,1.47,0.44,744.0,1
WNL-Calais-Migrants-adv.txt,0.24,2.34,2.07,4.43,0.22,0.08,0.05,0.27,0.19,27.1,38.0,77.4,8.5,4.41,1.23,0.41,1030.0,2
WNL-Calais-Migrants-ele.txt,0.21,2.54,2.2,4.63,0.19,0.07,0.06,0.27,0.2,16.43,46.0,94.7,3.66,4.26,1.15,0.38,756.0,0
WNL-Calais-Migrants-int.txt,0.2,2.43,2.11,4.5,0.2,0.08,0.06,0.27,0.2,22.83,42.0,82.87,6.75,4.39,1.22,0.39,959.0,1
WNL-Can-the-US-adv.txt,0.24,1.91,1.77,3.97,0.13,0.09,0.05,0.34,0.19,19.55,52.0,63.75,8.49,4.9,1.49,0.43,1017.0,2
WNL-Can-the-US-ele.txt,0.19,2.06,1.84,4.08,0.09,0.09,0.06,0.32,0.19,15.97,37.0,71.06,6.74,4.7,1.44,0.45,591.0,0
WNL-Can-the-US-int.txt,0.2,1.99,1.8,4.03,0.12,0.08,0.06,0.33,0.19,19.52,44.0,65.37,8.29,4.83,1.47,0.43,859.0,1
WNL-Canadian-Pair-adv.txt,0.26,2.48,2.15,4.6,0.24,0.08,0.06,0.28,0.19,18.74,39.0,70.9,7.4,4.62,1.41,0.43,731.0,2
WNL-Canadian-Pair-ele.txt,0.28,2.67,2.27,4.72,0.28,0.08,0.06,0.28,0.19,14.51,41.0,82.24,4.91,4.43,1.32,0.41,595.0,0
WNL-Canadian-Pair-int.txt,0.28,2.53,2.16,4.65,0.24,0.07,0.07,0.27,0.19,16.14,42.0,75.83,6.19,4.55,1.37,0.43,678.0,1
WNL-Castaway-adv.txt,0.19,2.37,2.17,4.4,0.24,0.08,0.05,0.3,0.21,25.03,30.0,72.8,8.66,4.52,1.31,0.45,751.0,2
WNL-Castaway-ele.txt,0.25,2.68,2.47,4.75,0.31,0.09,0.05,0.3,0.19,19.37,29.0,86.96,5.37,4.27,1.21,0.43,562.0,0
WNL-Castaway-int.txt,0.21,2.44,2.27,4.5,0.24,0.08,0.05,0.3,0.2,22.07,28.0,76.73,7.4,4.5,1.3,0.44,618.0,1
WNL-Changing-India-adv.txt,0.19,2.02,1.82,3.97,0.22,0.1,0.04,0.34,0.17,24.58,34.0,53.6,11.08,4.91,1.55,0.48,836.0,2
WNL-Changing-India-ele.txt,0.18,2.34,2.08,4.33,0.21,0.08,0.04,0.34,0.17,16.06,30.0,71.53,6.69,4.43,1.43,0.47,482.0,0
WNL-Changing-India-int.txt,0.18,2.22,1.97,4.23,0.25,0.1,0.04,0.33,0.16,21.02,34.0,64.01,8.83,4.6,1.47,0.45,715.0,1
WNL-Coloring-Books-adv.txt,0.24,2.28,2.02,4.19,0.29,0.09,0.06,0.29,0.2,22.39,38.0,68.24,8.68,4.67,1.39,0.43,851.0,2
WNL-Coloring-Books-ele.txt,0.26,2.42,2.09,4.3,0.34,0.09,0.03,0.32,0.2,16.8,31.0,76.5,6.39,4.66,1.35,0.43,521.0,0
WNL-Coloring-Books-int.txt,0.21,2.43,2.1,4.43,0.26,0.09,0.05,0.27,0.2,19.16,37.0,74.6,7.08,4.52,1.35,0.41,709.0,1
WNL-Criminal-Links-adv.txt,0.36,2.01,1.97,4.17,0.33,0.1,0.03,0.34,0.16,24.08,47.0,65.31,9.32,4.89,1.42,0.44,1132.0,2
WNL-Criminal-Links-ele.txt,0.21,2.12,1.97,4.12,0.28,0.12,0.04,0.3,0.17,17.0,25.0,83.39,5.11,4.58,1.29,0.48,425.0,0
WNL-Criminal-Links-int.txt,0.33,2.12,1.99,4.18,0.27,0.11,0.04,0.32,0.18,20.72,33.0,71.36,7.69,4.76,1.38,0.48,684.0,1
WNL-Cuba-adv.txt,0.19,1.99,1.85,4.15,0.15,0.12,0.04,0.3,0.16,23.9,31.0,61.08,9.97,4.88,1.47,0.48,741.0,2
WNL-Cuba-ele.txt,0.21,2.08,1.95,4.3,0.21,0.11,0.05,0.3,0.17,19.11,34.0,70.96,7.49,4.73,1.4,0.46,650.0,0
WNL-Cuba-int.txt,0.22,2.02,1.89,4.23,0.16,0.11,0.05,0.3,0.17,21.6,33.0,64.25,9.02,4.85,1.45,0.47,713.0,1
WNL-David-Bowie-adv.txt,0.33,2.12,1.97,4.03,0.31,0.08,0.02,0.38,0.15,22.74,59.0,66.65,8.84,4.86,1.42,0.44,1342.0,2
WNL-David-Bowie-ele.txt,0.27,2.2,2.03,4.21,0.28,0.08,0.02,0.38,0.14,18.82,47.0,84.51,5.37,4.51,1.25,0.43,885.0,0
WNL-David-Bowie-int.txt,0.33,2.18,2.03,4.13,0.28,0.07,0.02,0.39,0.15,20.64,56.0,75.18,7.14,4.67,1.34,0.43,1156.0,1
WNL-David-Mitchell-adv.txt,0.29,2.4,2.19,4.54,0.36,0.08,0.04,0.28,0.18,31.56,25.0,72.13,9.58,4.51,1.28,0.44,789.0,2
WNL-David-Mitchell-ele.txt,0.31,2.75,2.42,4.91,0.46,0.08,0.03,0.26,0.18,18.87,32.0,92.01,4.46,4.25,1.16,0.41,604.0,0
WNL-David-Mitchell-int.txt,0.28,2.5,2.22,4.64,0.37,0.08,0.04,0.27,0.19,25.0,28.0,77.31,7.72,4.47,1.27,0.43,700.0,1
WNL-Drowning-in-rubbish-adv.txt,0.2,1.95,1.8,3.88,0.21,0.1,0.04,0.35,0.15,20.85,34.0,61.44,9.14,5.08,1.5,0.5,709.0,2
WNL-Drowning-in-rubbish-ele.txt,0.14,1.97,1.82,3.95,0.26,0.12,0.03,0.33,0.17,17.82,23.0,77.01,6.35,4.74,1.34,0.5,410.0,0
WNL-Drowning-in-rubbish-int.txt,0.19,1.98,1.86,3.98,0.2,0.11,0.03,0.34,0.16,18.61,26.0,69.93,7.5,4.92,1.42,0.51,484.0,1
WNL-EU-Pollution-adv.txt,0.27,1.99,1.87,3.97,0.32,0.1,0.04,0.37,0.16,30.78,28.0,44.46,13.86,5.18,1.59,0.44,862.0,2
WNL-EU-Pollution-ele.txt,0.2,2.08,1.88,3.86,0.34,0.09,0.04,0.39,0.15,20.19,31.0,57.36,9.65,5.13,1.55,0.43,626.0,0
WNL-EU-Pollution-int.txt,0.23,2.01,1.85,3.95,0.34,0.09,0.04,0.38,0.17,26.11,26.0,51.21,11.82,5.19,1.56,0.44,679.0,1
WNL-Experience-adv.txt,0.21,2.77,2.48,4.8,0.2,0.08,0.07,0.18,0.22,18.02,45.0,84.96,5.38,4.2,1.24,0.4,811.0,2
WNL-Experience-ele.txt,0.21,2.89,2.59,4.89,0.27,0.08,0.06,0.18,0.22,14.83,48.0,93.46,3.47,4.08,1.18,0.38,712.0,0
WNL-Experience-int.txt,0.22,2.8,2.51,4.84,0.21,0.08,0.06,0.18,0.22,17.04,44.0,87.82,4.77,4.14,1.22,0.39,750.0,1
WNL-Extinction-adv.txt,0.29,2.1,1.91,4.2,0.18,0.08,0.05,0.31,0.17,28.96,27.0,61.51,11.05,4.87,1.4,0.45,782.0,2
WNL-Extinction-ele.txt,0.29,2.25,1.97,4.35,0.14,0.08,0.07,0.32,0.16,20.0,29.0,74.57,7.24,4.72,1.35,0.43,580.0,0
WNL-Extinction-int.txt,0.28,2.17,1.95,4.28,0.19,0.08,0.06,0.31,0.16,27.23,26.0,63.53,10.41,4.92,1.4,0.44,708.0,1
WNL-Extreme-heat-adv.txt,0.21,2.4,2.13,4.39,0.15,0.1,0.06,0.26,0.2,21.36,46.0,75.92,7.26,4.62,1.32,0.41,983.0,2
WNL-Extreme-heat-ele.txt,0.22,2.61,2.28,4.6,0.14,0.09,0.05,0.28,0.2,17.21,38.0,84.22,5.13,4.44,1.27,0.44,654.0,0
WNL-Extreme-heat-int.txt,0.2,2.46,2.15,4.45,0.14,0.09,0.06,0.27,0.2,20.02,41.0,79.72,6.42,4.54,1.29,0.42,821.0,1
WNL-FIFA-adv.txt,0.42,2.0,1.93,4.18,0.23,0.08,0.04,0.37,0.16,27.4,30.0,50.48,12.26,5.12,1.55,0.44,822.0,2
WNL-FIFA-ele.txt,0.35,2.15,1.99,4.29,0.2,0.07,0.04,0.39,0.16,22.07,28.0,60.56,9.64,5.0,1.49,0.43,618.0,0
WNL-FIFA-int.txt,0.44,2.04,1.97,4.25,0.24,0.07,0.04,0.38,0.16,25.71,28.0,53.75,11.42,5.1,1.53,0.44,720.0,1
WNL-Fifth-of-young-adults-adv.txt,0.3,2.38,2.18,4.55,0.33,0.07,0.05,0.24,0.22,25.21,42.0,77.54,8.05,4.34,1.25,0.37,1059.0,2
WNL-Fifth-of-young-adults-ele.txt,0.34,2.63,2.34,4.82,0.4,0.09,0.04,0.25,0.21,22.45,31.0,83.93,6.49,4.16,1.21,0.37,696.0,0
WNL-Fifth-of-young-adults-int.txt,0.34,2.46,2.22,4.64,0.33,0.08,0.05,0.24,0.21,23.81,38.0,79.29,7.44,4.3,1.25,0.37,905.0,1
WNL-First-female-coach-adv.txt,0.34,2.54,2.31,4.67,0.16,0.08,0.04,0.3,0.18,21.36,50.0,78.61,6.95,4.42,1.29,0.41,1068.0,2
WNL-First-female-coach-ele.txt,0.32,2.7,2.42,4.86,0.16,0.08,0.04,0.29,0.19,17.1,46.0,85.66,5.01,4.31,1.25,0.38,787.0,0
WNL-First-female-coach-int.txt,0.37,2.61,2.38,4.76,0.16,0.08,0.04,0.29,0.19,20.04,44.0,80.53,6.37,4.43,1.28,0.41,882.0,1
WNL-First-high-resolution-images-adv.txt,0.29,1.87,1.82,3.95,0.21,0.1,0.05,0.33,0.16,23.04,49.0,69.89,8.58,4.83,1.37,0.41,1129.0,2
WNL-First-high-resolution-images-ele.txt,0.3,2.03,1.95,4.1,0.19,0.09,0.05,0.34,0.15,18.22,31.0,85.68,5.27,4.53,1.24,0.45,565.0,0
WNL-First-high-resolution-images-int.txt,0.3,1.95,1.9,4.08,0.21,0.11,0.05,0.33,0.15,19.72,47.0,77.54,6.75,4.7,1.32,0.41,927.0,1
WNL-Five-jobs-adv.txt,0.28,2.26,2.12,4.3,0.22,0.1,0.05,0.29,0.19,23.11,67.0,70.57,8.84,4.58,1.34,0.38,1549.0,2
WNL-Five-jobs-ele.txt,0.3,2.38,2.26,4.47,0.31,0.1,0.05,0.31,0.19,16.37,62.0,83.0,5.52,4.41,1.27,0.36,1015.0,0
WNL-Five-jobs-int.txt,0.3,2.28,2.17,4.31,0.24,0.1,0.05,0.3,0.19,21.87,56.0,71.15,8.51,4.61,1.35,0.39,1225.0,1
WNL-Four-new-elements-adv.txt,0.24,2.11,1.89,4.19,0.22,0.09,0.04,0.33,0.17,26.6,30.0,54.69,11.32,5.12,1.52,0.45,798.0,2
WNL-Four-new-elements-ele.txt,0.18,2.19,1.94,4.22,0.23,0.08,0.02,0.35,0.16,20.09,31.0,70.71,7.56,4.97,1.4,0.39,623.0,0
WNL-Four-new-elements-int.txt,0.23,2.17,1.92,4.22,0.27,0.08,0.03,0.34,0.17,23.79,29.0,59.78,9.95,5.05,1.49,0.44,690.0,1
WNL-Glastonbury-adv.txt,0.28,1.94,1.86,3.84,0.29,0.08,0.05,0.34,0.19,29.09,21.0,52.73,12.29,5.17,1.51,0.47,611.0,2
WNL-Glastonbury-ele.txt,0.26,2.12,1.97,3.93,0.34,0.08,0.05,0.36,0.18,17.8,21.0,64.45,8.24,5.11,1.49,0.47,374.0,0
WNL-Glastonbury-int.txt,0.26,2.05,1.94,3.92,0.31,0.08,0.06,0.34,0.19,20.95,24.0,60.09,9.52,5.15,1.51,0.47,503.0,1
WNL-Goodbye-fish-and-chips-adv.txt,0.23,2.18,2.0,4.25,0.14,0.09,0.04,0.33,0.15,32.96,25.0,66.75,10.81,4.63,1.32,0.44,824.0,2
WNL-Goodbye-fish-and-chips-ele.txt,0.23,2.42,2.23,4.47,0.19,0.09,0.05,0.33,0.16,21.93,30.0,79.05,6.7,4.42,1.29,0.39,658.0,0
WNL-Goodbye-fish-and-chips-int.txt,0.19,2.23,2.03,4.28,0.15,0.08,0.05,0.33,0.16,26.84,26.0,71.14,8.87,4.64,1.33,0.44,698.0,1
WNL-Google-boss-adv.txt,0.21,2.0,1.77,3.99,0.15,0.08,0.05,0.3,0.2,27.62,35.0,62.06,10.82,4.93,1.41,0.45,967.0,2
WNL-Google-boss-ele.txt,0.23,2.28,1.94,4.3,0.15,0.07,0.05,0.28,0.21,19.87,33.0,76.98,6.96,4.69,1.32,0.42,656.0,0
WNL-Google-boss-int.txt,0.18,2.03,1.75,4.02,0.12,0.07,0.06,0.28,0.22,22.7,37.0,69.1,8.72,4.88,1.38,0.43,840.0,1
WNL-Google-car-adv.txt,0.25,2.22,2.08,4.5,0.23,0.07,0.05,0.29,0.17,24.02,34.0,69.9,8.74,4.7,1.36,0.43,817.0,2
WNL-Google-car-ele.txt,0.27,2.3,2.17,4.54,0.34,0.06,0.05,0.3,0.19,19.83,30.0,80.8,6.35,4.47,1.27,0.42,595.0,0
WNL-Google-car-int.txt,0.28,2.25,2.13,4.51,0.29,0.07,0.05,0.3,0.18,23.39,28.0,70.98,8.48,4.7,1.35,0.45,655.0,1
WNL-How-downtown-Abbey-adv.txt,0.29,2.06,1.96,4.31,0.26,0.08,0.05,0.32,0.17,19.12,56.0,71.34,7.36,4.81,1.4,0.45,1071.0,2
WNL-How-downtown-Abbey-ele.txt,0.31,2.05,1.93,4.3,0.31,0.06,0.04,0.37,0.15,17.02,37.0,77.07,6.07,4.67,1.36,0.44,630.0,0
WNL-How-downtown-Abbey-int.txt,0.34,2.06,1.99,4.32,0.31,0.07,0.04,0.34,0.18,16.87,48.0,73.02,6.67,4.77,1.4,0.45,810.0,1
WNL-I-confused-my-numbers-adv.txt,0.21,2.24,1.99,4.27,0.1,0.08,0.06,0.28,0.17,29.7,24.0,60.75,11.36,4.57,1.4,0.48,713.0,2
WNL-I-confused-my-numbers-ele.txt,0.25,2.44,2.2,4.55,0.12,0.07,0.06,0.29,0.16,22.53,28.0,74.97,7.71,4.34,1.32,0.45,631.0,0
WNL-I-confused-my-numbers-int.txt,0.23,2.3,2.06,4.39,0.12,0.09,0.05,0.29,0.16,25.22,27.0,68.29,9.29,4.45,1.36,0.46,681.0,1
WNL-Icebucket-challenge-adv.txt,0.31,2.26,2.13,4.42,0.32,0.07,0.05,0.31,0.19,22.76,39.0,66.41,8.98,4.77,1.41,0.47,888.0,2
WNL-Icebucket-challenge-ele.txt,0.45,2.39,2.38,4.8,0.43,0.07,0.03,0.33,0.18,18.25,35.0,78.44,6.32,4.51,1.32,0.43,639.0,0
WNL-Icebucket-challenge-int.txt,0.32,2.32,2.19,4.57,0.33,0.07,0.05,0.31,0.19,20.94,36.0,70.06,8.04,4.66,1.39,0.45,754.0,1
WNL-Icelandic-names-adv.txt,0.27,2.1,1.92,4.19,0.24,0.08,0.06,0.32,0.18,26.37,24.0,67.67,9.46,4.86,1.37,0.49,633.0,2
WNL-Icelandic-names-ele.txt,0.25,2.22,1.97,4.37,0.23,0.07,0.06,0.32,0.21,21.62,24.0,77.44,7.11,4.64,1.3,0.45,519.0,0
WNL-Icelandic-names-int.txt,0.26,2.14,1.93,4.26,0.23,0.07,0.06,0.32,0.18,25.54,24.0,68.53,9.18,4.82,1.36,0.48,613.0,1
WNL-In-flight-adv.txt,0.21,2.3,2.13,4.44,0.39,0.09,0.05,0.29,0.19,19.58,63.0,80.28,6.39,4.57,1.28,0.42,1234.0,2
WNL-In-flight-ele.txt,0.19,2.67,2.41,4.83,0.43,0.08,0.05,0.29,0.17,17.23,46.0,95.36,3.79,4.17,1.13,0.39,793.0,0
WNL-In-flight-int.txt,0.21,2.45,2.22,4.59,0.4,0.1,0.04,0.29,0.19,20.15,46.0,83.94,6.03,4.45,1.23,0.43,927.0,1
WNL-Indias-rich-adv.txt,0.33,2.04,1.93,4.15,0.18,0.11,0.04,0.33,0.17,21.84,38.0,60.46,9.46,5.01,1.5,0.49,830.0,2
WNL-Indias-rich-ele.txt,0.34,2.2,2.08,4.34,0.19,0.12,0.04,0.33,0.17,19.07,40.0,70.51,7.49,4.7,1.41,0.41,763.0,0
WNL-Indias-rich-int.txt,0.34,2.04,1.92,4.18,0.17,0.11,0.05,0.33,0.17,21.4,37.0,64.74,8.73,4.86,1.46,0.47,792.0,1
WNL-Inky-the-octopus-adv.txt,0.23,2.18,2.08,4.51,0.25,0.06,0.06,0.28,0.2,20.96,32.0,74.73,7.5,4.44,1.33,0.42,671.0,2
WNL-Inky-the-octopus-ele.txt,0.22,2.26,2.16,4.62,0.27,0.06,0.06,0.29,0.18,18.46,32.0,79.31,6.27,4.35,1.31,0.41,591.0,0
WNL-Inky-the-octopus-int.txt,0.21,2.23,2.14,4.56,0.24,0.06,0.06,0.28,0.19,18.93,33.0,78.48,6.48,4.37,1.31,0.41,625.0,1
WNL-Inventions-adv.txt,0.26,2.16,1.95,4.23,0.23,0.08,0.03,0.34,0.17,25.81,22.0,65.19,9.74,4.69,1.4,0.51,568.0,2
WNL-Inventions-ele.txt,0.25,2.38,2.15,4.48,0.26,0.07,0.03,0.36,0.16,20.77,22.0,78.68,6.71,4.51,1.3,0.51,457.0,0
WNL-Inventions-int.txt,0.23,2.19,1.96,4.25,0.24,0.07,0.04,0.34,0.17,23.04,24.0,71.09,8.31,4.62,1.36,0.5,553.0,1
WNL-JMW-Turner-adv.txt,0.38,2.17,2.06,4.37,0.27,0.08,0.05,0.33,0.14,30.75,29.0,66.29,10.67,4.74,1.33,0.42,892.0,2
WNL-JMW-Turner-ele.txt,0.41,2.26,2.21,4.49,0.28,0.06,0.02,0.38,0.12,19.8,25.0,82.23,5.97,4.66,1.27,0.43,495.0,0
WNL-JMW-Turner-int.txt,0.37,2.2,2.12,4.47,0.25,0.08,0.04,0.34,0.13,23.92,25.0,75.39,7.88,4.7,1.3,0.45,598.0,1
WNL-Japan-adv.txt,0.27,2.11,1.93,4.17,0.2,0.09,0.06,0.32,0.19,26.67,28.0,57.31,11.08,4.86,1.48,0.47,747.0,2
WNL-Japan-ele.txt,0.29,2.24,2.04,4.41,0.2,0.07,0.04,0.34,0.18,17.84,26.0,74.26,6.72,4.54,1.38,0.44,464.0,0
WNL-Japan-int.txt,0.29,2.29,2.04,4.36,0.18,0.09,0.05,0.33,0.18,21.16,30.0,66.53,8.56,4.74,1.43,0.45,635.0,1
WNL-John-Lewis-adv.txt,0.26,2.1,2.05,4.21,0.42,0.07,0.04,0.36,0.15,30.36,30.0,67.12,10.92,4.59,1.31,0.44,911.0,2
WNL-John-Lewis-ele.txt,0.3,2.32,2.29,4.5,0.42,0.06,0.03,0.38,0.15,22.79,24.0,84.96,6.44,4.36,1.19,0.48,547.0,0
WNL-John-Lewis-int.txt,0.25,2.29,2.16,4.41,0.38,0.07,0.03,0.36,0.15,28.04,25.0,75.81,8.97,4.44,1.24,0.47,701.0,1
WNL-Kate-Bush-adv.txt,0.26,2.3,2.1,4.45,0.15,0.05,0.06,0.26,0.19,25.3,40.0,76.17,8.34,4.42,1.26,0.39,1012.0,2
WNL-Kate-Bush-ele.txt,0.24,2.35,2.15,4.45,0.19,0.05,0.07,0.29,0.19,18.72,29.0,85.34,5.46,4.32,1.23,0.45,543.0,0
WNL-Kate-Bush-int.txt,0.27,2.34,2.13,4.48,0.17,0.05,0.07,0.27,0.2,22.25,36.0,78.8,7.26,4.43,1.27,0.41,801.0,1
WNL-Kiruna-adv.txt,0.31,2.29,2.16,4.32,0.35,0.1,0.03,0.31,0.19,28.51,35.0,64.72,10.49,4.74,1.37,0.47,998.0,2
WNL-Kiruna-ele.txt,0.29,2.6,2.38,4.7,0.35,0.1,0.05,0.29,0.19,17.62,40.0,84.23,5.34,4.43,1.26,0.42,705.0,0
WNL-Kiruna-int.txt,0.31,2.46,2.29,4.5,0.37,0.1,0.05,0.29,0.2,21.86,36.0,76.45,7.38,4.54,1.3,0.45,787.0,1
WNL-Lego-movie-adv.txt,0.34,2.19,2.13,4.43,0.22,0.07,0.02,0.36,0.15,29.15,13.0,72.89,9.37,4.56,1.27,0.5,379.0,2
WNL-Lego-movie-ele.txt,0.46,2.42,2.32,4.72,0.25,0.07,0.03,0.35,0.15,20.78,14.0,83.78,5.97,4.44,1.24,0.48,291.0,0
WNL-Lego-movie-int.txt,0.31,2.23,2.14,4.52,0.24,0.08,0.02,0.34,0.15,24.71,14.0,77.92,7.74,4.47,1.26,0.5,346.0,1
WNL-Loneliness-adv.txt,0.38,2.21,1.99,4.29,0.27,0.11,0.05,0.3,0.18,24.53,43.0,59.39,10.56,4.91,1.47,0.43,1055.0,2
WNL-Loneliness-ele.txt,0.31,2.45,2.05,4.54,0.26,0.11,0.05,0.27,0.18,21.5,26.0,65.89,8.86,4.71,1.43,0.43,559.0,0
WNL-Loneliness-int.txt,0.31,2.26,1.96,4.42,0.23,0.11,0.06,0.27,0.18,22.88,34.0,60.16,10.19,4.86,1.47,0.43,778.0,1
WNL-Love-hormonw-adv.txt,0.33,2.12,1.9,4.23,0.29,0.1,0.04,0.31,0.18,25.22,31.0,51.95,11.71,5.07,1.55,0.42,782.0,2
WNL-Love-hormonw-ele.txt,0.34,2.33,2.04,4.51,0.24,0.09,0.06,0.29,0.2,18.87,31.0,64.32,8.5,4.87,1.48,0.39,585.0,0
WNL-Love-hormonw-int.txt,0.36,2.15,1.92,4.32,0.26,0.11,0.05,0.31,0.18,22.54,31.0,56.52,10.43,5.02,1.53,0.41,699.0,1
WNL-Making-a-killing-adv.txt,0.36,1.94,1.89,4.11,0.17,0.1,0.07,0.32,0.14,29.92,41.0,61.42,11.1,4.86,1.4,0.42,1227.0,2
WNL-Making-a-killing-ele.txt,0.42,2.15,2.04,4.38,0.16,0.12,0.07,0.34,0.15,17.89,37.0,85.97,5.1,4.5,1.24,0.39,662.0,0
WNL-Making-a-killing-int.txt,0.42,1.99,1.95,4.25,0.18,0.1,0.07,0.32,0.15,25.45,35.0,68.96,9.06,4.75,1.36,0.42,891.0,1
WNL-Man-falls-adv.txt,0.19,2.2,1.96,4.08,0.17,0.1,0.04,0.3,0.19,25.82,41.0,65.35,9.55,4.77,1.41,0.44,1059.0,2
WNL-Man-falls-ele.txt,0.15,2.36,2.07,4.38,0.19,0.1,0.04,0.3,0.19,25.03,28.0,75.69,7.85,4.51,1.3,0.42,701.0,0
WNL-Man-falls-int.txt,0.17,2.19,1.97,4.1,0.18,0.1,0.04,0.3,0.19,25.08,35.0,69.23,8.74,4.75,1.37,0.43,878.0,1
WNL-Mars-adv.txt,0.22,2.1,1.86,4.16,0.1,0.1,0.05,0.26,0.21,29.73,26.0,62.76,11.2,4.8,1.37,0.45,773.0,2
WNL-Mars-ele.txt,0.19,2.3,2.03,4.5,0.06,0.07,0.06,0.24,0.22,17.64,25.0,88.39,4.79,4.42,1.21,0.41,441.0,0
WNL-Mars-int.txt,0.18,2.2,1.92,4.32,0.09,0.09,0.05,0.25,0.22,21.62,29.0,78.14,7.13,4.55,1.29,0.43,627.0,1
WNL-Men-in-black-adv.txt,0.25,2.33,2.08,4.55,0.14,0.06,0.05,0.26,0.22,21.09,54.0,77.15,7.16,4.52,1.3,0.4,1139.0,2
WNL-Men-in-black-ele.txt,0.26,2.5,2.2,4.75,0.15,0.07,0.05,0.28,0.2,18.05,39.0,82.81,5.68,4.42,1.27,0.41,704.0,0
WNL-Men-in-black-int.txt,0.26,2.32,2.07,4.56,0.15,0.07,0.05,0.27,0.2,19.76,46.0,77.8,6.76,4.56,1.31,0.42,909.0,1
WNL-Mirrors-adv.txt,0.35,2.29,2.23,4.46,0.24,0.07,0.04,0.32,0.15,21.29,41.0,71.85,7.94,4.79,1.36,0.38,873.0,2
WNL-Mirrors-ele.txt,0.33,2.33,2.21,4.4,0.3,0.06,0.04,0.33,0.16,15.96,28.0,83.94,4.98,4.68,1.28,0.43,447.0,0
WNL-Mirrors-int.txt,0.3,2.33,2.21,4.46,0.26,0.07,0.04,0.32,0.16,19.56,41.0,72.6,7.39,4.72,1.38,0.36,802.0,1
WNL-Morocco-adv.txt,0.23,2.01,1.85,4.01,0.25,0.09,0.04,0.32,0.18,25.11,51.0,65.97,9.75,4.83,1.39,0.43,1281.0,2
WNL-Morocco-ele.txt,0.18,2.22,1.93,4.29,0.26,0.09,0.05,0.31,0.17,19.55,27.0,77.14,6.72,4.52,1.32,0.43,528.0,0
WNL-Morocco-int.txt,0.23,2.12,1.89,4.18,0.24,0.1,0.04,0.32,0.16,22.41,39.0,69.73,8.53,4.78,1.37,0.44,874.0,1
WNL-Music-adv.txt,0.3,2.03,1.85,4.0,0.15,0.08,0.05,0.38,0.15,29.94,19.0,52.86,11.97,5.1,1.52,0.47,569.0,2
WNL-Music-ele.txt,0.37,2.39,2.09,4.44,0.15,0.09,0.04,0.36,0.13,20.94,17.0,67.8,8.02,4.78,1.43,0.44,356.0,0
WNL-Music-int.txt,0.33,2.12,1.93,4.11,0.14,0.08,0.05,0.39,0.13,24.45,20.0,58.03,10.1,5.05,1.52,0.47,489.0,1
WNL-Mystery-Shopper-adv.txt,0.3,2.15,2.07,4.32,0.13,0.06,0.07,0.29,0.19,24.36,47.0,67.42,9.19,4.54,1.39,0.4,1145.0,2
WNL-Mystery-Shopper-ele.txt,0.31,2.2,2.13,4.39,0.11,0.05,0.05,0.31,0.2,20.33,36.0,75.22,7.23,4.49,1.34,0.43,732.0,0
WNL-Mystery-Shopper-int.txt,0.32,2.13,2.09,4.32,0.1,0.05,0.07,0.29,0.19,21.42,42.0,70.67,8.1,4.55,1.38,0.42,900.0,1
WNL-NASA-Astronaut-adv.txt,0.3,2.42,2.21,4.58,0.29,0.08,0.05,0.28,0.19,26.51,41.0,84.34,7.27,4.45,1.16,0.41,1087.0,2
WNL-NASA-Astronaut-ele.txt,0.32,2.53,2.31,4.76,0.29,0.09,0.06,0.26,0.19,18.84,38.0,97.07,3.77,4.36,1.1,0.42,716.0,0
WNL-NASA-Astronaut-int.txt,0.31,2.5,2.27,4.7,0.3,0.09,0.05,0.27,0.19,23.26,38.0,89.35,5.83,4.42,1.14,0.42,884.0,1
WNL-Neuroscientists-adv.txt,0.3,2.09,1.97,4.19,0.43,0.08,0.04,0.34,0.17,21.82,46.0,74.77,7.65,4.8,1.32,0.38,1004.0,2
WNL-Neuroscientists-ele.txt,0.28,2.2,1.98,4.37,0.43,0.08,0.03,0.33,0.16,18.45,35.0,82.99,5.72,4.65,1.26,0.37,646.0,0
WNL-Neuroscientists-int.txt,0.31,2.17,1.99,4.35,0.5,0.09,0.03,0.34,0.16,19.8,45.0,77.4,6.81,4.78,1.31,0.34,891.0,1
WNL-New-Orleans-adv.txt,0.24,2.34,2.05,4.19,0.34,0.06,0.05,0.32,0.2,22.6,50.0,75.22,7.84,4.64,1.31,0.41,1130.0,2
WNL-New-Orleans-ele.txt,0.22,2.45,2.15,4.32,0.41,0.06,0.04,0.32,0.22,16.84,39.0,85.45,5.13,4.51,1.25,0.42,657.0,0
WNL-New-Orleans-int.txt,0.24,2.33,2.05,4.24,0.36,0.06,0.04,0.32,0.21,20.36,46.0,78.92,6.89,4.58,1.28,0.42,937.0,1
WNL-Nigerian-low-tech-adv.txt,0.29,1.83,1.63,3.79,0.09,0.08,0.06,0.33,0.18,26.09,22.0,45.01,12.75,5.37,1.63,0.49,574.0,2
WNL-Nigerian-low-tech-ele.txt,0.21,2.05,1.72,3.97,0.11,0.08,0.06,0.34,0.18,14.37,29.0,76.37,5.7,5.03,1.39,0.45,417.0,0
WNL-Nigerian-low-tech-int.txt,0.29,1.94,1.7,3.94,0.08,0.09,0.06,0.33,0.18,20.76,25.0,55.07,10.15,5.27,1.57,0.47,519.0,1
WNL-Noise-pollution--adv.txt,0.31,2.33,1.99,4.37,0.19,0.1,0.04,0.3,0.18,29.86,29.0,61.97,11.31,4.81,1.38,0.43,866.0,2
WNL-Noise-pollution--ele.txt,0.35,2.47,2.14,4.57,0.28,0.09,0.04,0.33,0.18,20.52,25.0,77.54,6.96,4.69,1.3,0.44,513.0,0
WNL-Noise-pollution--int.txt,0.33,2.32,2.0,4.34,0.23,0.09,0.04,0.31,0.19,25.56,30.0,70.7,9.12,4.77,1.33,0.43,767.0,1
WNL-Novel-way-adv.txt,0.33,2.46,2.2,4.67,0.19,0.07,0.06,0.27,0.21,19.37,45.0,75.92,7.11,4.47,1.33,0.43,872.0,2
WNL-Novel-way-ele.txt,0.34,2.63,2.25,4.72,0.18,0.08,0.05,0.28,0.2,16.5,34.0,84.15,5.27,4.29,1.26,0.44,561.0,0
WNL-Novel-way-int.txt,0.34,2.52,2.22,4.73,0.2,0.07,0.05,0.28,0.21,17.54,46.0,79.03,6.24,4.43,1.31,0.43,807.0,1
WNL-On-the-trail-adv.txt,0.32,2.12,2.04,4.21,0.17,0.09,0.05,0.33,0.17,15.22,81.0,79.09,5.57,4.74,1.34,0.43,1233.0,2
WNL-On-the-trail-ele.txt,0.23,2.36,2.14,4.4,0.12,0.09,0.05,0.34,0.18,14.52,50.0,90.07,3.86,4.42,1.22,0.45,726.0,0
WNL-On-the-trail-int.txt,0.32,2.24,2.12,4.33,0.16,0.08,0.05,0.34,0.17,14.86,69.0,85.48,4.61,4.61,1.27,0.42,1026.0,1
WNL-Organic-Food-adv.txt,0.27,2.09,1.87,4.04,0.25,0.12,0.05,0.31,0.18,23.5,42.0,60.24,9.99,5.09,1.48,0.38,987.0,2
WNL-Organic-Food-ele.txt,0.2,2.16,1.89,4.18,0.25,0.12,0.05,0.3,0.16,18.7,34.0,71.28,7.42,4.85,1.4,0.35,636.0,0
WNL-Organic-Food-int.txt,0.23,2.14,1.89,4.08,0.28,0.11,0.05,0.32,0.16,22.28,35.0,62.01,9.42,5.03,1.47,0.39,780.0,1
WNL-Pacific-Islanders-adv.txt,0.35,2.02,1.98,4.27,0.29,0.09,0.05,0.32,0.15,24.54,44.0,73.82,8.38,4.67,1.31,0.4,1080.0,2
WNL-Pacific-Islanders-ele.txt,0.31,2.12,2.03,4.4,0.26,0.09,0.04,0.33,0.16,17.18,43.0,89.84,4.48,4.4,1.2,0.36,739.0,0
WNL-Pacific-Islanders-int.txt,0.34,2.05,2.0,4.29,0.33,0.07,0.04,0.33,0.16,19.9,43.0,81.53,6.23,4.59,1.27,0.4,856.0,1
WNL-Pizza-chain-adv.txt,0.32,2.18,2.11,4.43,0.19,0.06,0.04,0.32,0.2,25.21,33.0,73.46,8.49,4.53,1.31,0.43,832.0,2
WNL-Pizza-chain-ele.txt,0.31,2.26,2.19,4.54,0.21,0.05,0.04,0.32,0.21,17.0,38.0,83.54,5.26,4.43,1.28,0.41,646.0,0
WNL-Pizza-chain-int.txt,0.31,2.19,2.11,4.47,0.17,0.06,0.03,0.31,0.22,20.15,39.0,80.2,6.44,4.47,1.28,0.41,786.0,1
WNL-Planet-adv.txt,0.31,1.99,1.86,4.02,0.23,0.09,0.05,0.3,0.19,32.08,25.0,58.51,12.17,5.02,1.41,0.44,802.0,2
WNL-Planet-ele.txt,0.33,2.18,2.01,4.29,0.24,0.1,0.05,0.3,0.17,25.06,29.0,77.36,7.98,4.76,1.26,0.39,727.0,0
WNL-Planet-int.txt,0.31,2.0,1.88,4.09,0.24,0.1,0.04,0.3,0.18,27.77,27.0,63.95,10.49,4.99,1.39,0.42,750.0,1
WNL-Poverty-adv.txt,0.43,1.96,2.0,4.25,0.3,0.12,0.05,0.31,0.16,29.73,38.0,51.18,12.62,4.95,1.52,0.43,1130.0,2
WNL-Poverty-ele.txt,0.4,2.26,2.18,4.57,0.32,0.11,0.05,0.29,0.17,22.28,32.0,73.21,7.92,4.59,1.34,0.4,713.0,0
WNL-Poverty-int.txt,0.38,2.08,2.05,4.36,0.3,0.12,0.05,0.29,0.17,27.03,31.0,63.23,10.36,4.74,1.41,0.43,838.0,1
WNL-Revolution-adv.txt,0.2,2.27,2.1,4.3,0.26,0.07,0.04,0.33,0.2,19.05,39.0,81.01,6.04,4.44,1.28,0.46,743.0,2
WNL-Revolution-ele.txt,0.13,2.54,2.34,4.56,0.27,0.06,0.04,0.32,0.22,14.42,33.0,91.13,3.67,4.27,1.21,0.44,476.0,0
WNL-Revolution-int.txt,0.17,2.33,2.11,4.37,0.2,0.07,0.04,0.32,0.21,18.0,35.0,82.13,5.7,4.48,1.28,0.45,630.0,1
WNL-Rwanda-adv.txt,0.29,2.25,2.14,4.34,0.21,0.07,0.03,0.36,0.19,19.93,46.0,73.85,7.19,4.66,1.36,0.44,917.0,2
WNL-Rwanda-ele.txt,0.31,2.52,2.45,4.61,0.28,0.07,0.03,0.38,0.18,17.13,36.0,82.63,5.36,4.49,1.29,0.45,617.0,0
WNL-Rwanda-int.txt,0.29,2.29,2.2,4.34,0.23,0.07,0.03,0.37,0.18,19.39,38.0,76.15,6.76,4.66,1.34,0.46,737.0,1
WNL-Satnav-adv.txt,0.22,2.25,1.96,4.37,0.19,0.08,0.06,0.29,0.21,25.6,28.0,62.2,10.46,4.8,1.42,0.46,717.0,2
WNL-Satnav-ele.txt,0.15,2.34,1.99,4.41,0.24,0.08,0.04,0.31,0.2,18.0,28.0,75.17,6.68,4.72,1.36,0.41,504.0,0
WNL-Satnav-int.txt,0.2,2.24,1.93,4.36,0.22,0.08,0.05,0.3,0.2,22.44,29.0,65.56,9.24,4.81,1.42,0.44,651.0,1
WNL-Scarlett-adv.txt,0.41,2.5,2.23,4.52,0.28,0.08,0.05,0.29,0.2,19.91,37.0,70.51,8.15,4.69,1.38,0.43,737.0,2
WNL-Scarlett-ele.txt,0.4,2.74,2.39,4.78,0.25,0.08,0.05,0.28,0.21,17.8,26.0,89.31,4.72,4.28,1.19,0.46,463.0,0
WNL-Scarlett-int.txt,0.43,2.63,2.33,4.62,0.29,0.07,0.06,0.29,0.21,19.5,30.0,82.82,5.99,4.42,1.25,0.44,585.0,1
WNL-School-Sports-adv.txt,0.25,2.15,1.96,4.23,0.25,0.1,0.04,0.32,0.16,30.8,26.0,62.69,11.28,4.9,1.37,0.44,801.0,2
WNL-School-Sports-ele.txt,0.25,2.33,2.11,4.52,0.27,0.1,0.04,0.31,0.16,27.39,23.0,68.85,9.75,4.7,1.33,0.43,630.0,0
WNL-School-Sports-int.txt,0.27,2.19,2.01,4.35,0.26,0.11,0.04,0.31,0.17,29.48,25.0,62.43,11.04,4.9,1.39,0.44,737.0,1
WNL-School-adv.txt,0.28,2.24,2.0,4.27,0.14,0.09,0.04,0.32,0.18,26.28,32.0,73.74,8.82,4.66,1.29,0.42,841.0,2
WNL-School-ele.txt,0.27,2.44,2.15,4.49,0.12,0.09,0.04,0.3,0.19,19.75,36.0,84.2,5.87,4.5,1.23,0.4,711.0,0
WNL-School-int.txt,0.28,2.27,2.03,4.32,0.12,0.1,0.04,0.31,0.18,25.12,31.0,75.25,8.32,4.69,1.28,0.42,779.0,1
WNL-Scientist-adv.txt,0.21,2.17,2.03,4.07,0.44,0.09,0.04,0.34,0.16,29.53,30.0,61.77,11.18,4.85,1.39,0.42,886.0,2
WNL-Scientist-ele.txt,0.25,2.38,2.24,4.39,0.53,0.06,0.04,0.38,0.17,21.46,26.0,74.31,7.59,4.64,1.33,0.39,558.0,0
WNL-Scientist-int.txt,0.21,2.22,2.08,4.18,0.43,0.08,0.03,0.34,0.17,24.67,31.0,67.85,9.23,4.82,1.37,0.42,765.0,1
WNL-Scottish-referendum-adv.txt,0.38,2.21,2.05,4.41,0.2,0.07,0.05,0.3,0.17,26.2,39.0,71.83,8.97,4.74,1.31,0.37,1022.0,2
WNL-Scottish-referendum-ele.txt,0.39,2.42,2.21,4.59,0.15,0.06,0.05,0.32,0.17,19.78,33.0,84.27,5.67,4.55,1.24,0.37,653.0,0
WNL-Scottish-referendum-int.txt,0.39,2.25,2.09,4.49,0.18,0.07,0.05,0.31,0.16,22.89,38.0,79.01,7.22,4.64,1.27,0.36,870.0,1
WNL-SeaWorld-adv.txt,0.41,1.86,1.85,3.97,0.18,0.08,0.03,0.35,0.18,31.95,20.0,56.07,12.3,5.01,1.45,0.48,639.0,2
WNL-SeaWorld-ele.txt,0.34,2.19,2.01,4.33,0.12,0.07,0.01,0.35,0.2,19.81,22.0,81.51,6.15,4.54,1.27,0.48,436.0,0
WNL-SeaWorld-int.txt,0.35,2.05,1.98,4.19,0.2,0.07,0.03,0.35,0.19,22.48,25.0,72.36,7.98,4.72,1.35,0.47,562.0,1
WNL-Shakespeare-adv.txt,0.22,2.24,2.04,4.23,0.33,0.07,0.05,0.33,0.18,29.66,33.0,64.99,10.66,5.09,1.36,0.43,979.0,2
WNL-Shakespeare-ele.txt,0.24,2.47,2.22,4.52,0.4,0.05,0.03,0.33,0.17,21.08,34.0,78.63,6.93,4.9,1.29,0.41,717.0,0
WNL-Shakespeare-int.txt,0.24,2.32,2.12,4.33,0.35,0.06,0.05,0.33,0.18,24.96,33.0,71.34,8.76,5.04,1.33,0.43,824.0,1
WNL-Ships-noise-adv.txt,0.23,1.88,1.71,3.84,0.27,0.08,0.07,0.32,0.19,24.02,34.0,68.64,9.05,4.91,1.37,0.45,817.0,2
WNL-Ships-noise-ele.txt,0.22,2.13,1.86,4.09,0.23,0.1,0.07,0.31,0.18,19.84,32.0,81.57,6.29,4.58,1.26,0.42,635.0,0
WNL-Ships-noise-int.txt,0.25,1.96,1.77,3.98,0.27,0.08,0.07,0.32,0.19,22.76,34.0,73.85,8.03,4.75,1.32,0.44,774.0,1
WNL-Shocking-adv.txt,0.28,2.2,2.05,4.45,0.27,0.07,0.08,0.24,0.22,21.14,35.0,75.08,7.5,4.66,1.32,0.43,740.0,2
WNL-Shocking-ele.txt,0.24,2.23,2.04,4.4,0.25,0.07,0.07,0.24,0.21,17.9,32.0,80.43,6.03,4.62,1.3,0.38,573.0,0
WNL-Shocking-int.txt,0.25,2.19,2.04,4.41,0.29,0.08,0.07,0.24,0.21,20.39,33.0,77.88,6.94,4.65,1.3,0.41,673.0,1
WNL-Shops-adv.txt,0.21,2.1,1.93,4.19,0.19,0.07,0.05,0.3,0.19,22.53,49.0,63.78,9.48,4.73,1.44,0.42,1104.0,2
WNL-Shops-ele.txt,0.2,2.28,2.05,4.34,0.14,0.06,0.04,0.3,0.2,18.59,37.0,70.16,7.66,4.59,1.41,0.39,688.0,0
WNL-Shops-int.txt,0.19,2.19,1.99,4.28,0.16,0.07,0.04,0.3,0.2,19.97,42.0,67.07,8.46,4.65,1.43,0.41,839.0,1
WNL-Six-year-olds-adv.txt,0.25,2.06,1.82,4.07,0.14,0.11,0.05,0.33,0.16,27.09,33.0,52.85,11.6,5.17,1.54,0.46,894.0,2
WNL-Six-year-olds-ele.txt,0.2,2.2,1.89,4.11,0.22,0.1,0.05,0.35,0.18,20.65,26.0,63.79,8.61,5.04,1.48,0.46,537.0,0
WNL-Six-year-olds-int.txt,0.22,2.08,1.81,4.03,0.15,0.11,0.05,0.34,0.16,25.5,28.0,53.01,11.19,5.15,1.56,0.47,714.0,1
WNL-Spain-Robin-Hood-adv.txt,0.29,2.18,2.01,4.25,0.16,0.05,0.05,0.27,0.21,19.36,36.0,74.71,7.01,4.67,1.35,0.44,697.0,2
WNL-Spain-Robin-Hood-ele.txt,0.26,2.4,2.19,4.5,0.32,0.05,0.05,0.29,0.19,15.85,27.0,97.55,3.08,4.23,1.12,0.44,428.0,0
WNL-Spain-Robin-Hood-int.txt,0.3,2.28,2.11,4.38,0.2,0.06,0.05,0.27,0.2,19.1,29.0,80.42,6.16,4.52,1.29,0.46,554.0,1
WNL-Spain-Wetlands-adv.txt,0.22,2.03,1.88,4.09,0.23,0.09,0.06,0.32,0.17,21.79,53.0,67.57,10.16,4.54,1.34,0.43,1155.0,2
WNL-Spain-Wetlands-ele.txt,0.27,2.19,2.06,4.38,0.32,0.09,0.06,0.31,0.16,17.24,45.0,76.33,8.26,4.28,1.26,0.43,776.0,0
WNL-Spain-Wetlands-int.txt,0.25,2.1,1.97,4.27,0.29,0.09,0.07,0.32,0.17,18.33,48.0,72.42,9.0,4.41,1.3,0.43,880.0,1
WNL-Star-Wars-adv.txt,0.28,2.03,1.92,4.15,0.4,0.08,0.03,0.36,0.16,33.44,29.0,59.58,12.34,4.77,1.38,0.45,970.0,2
WNL-Star-Wars-ele.txt,0.27,2.28,2.08,4.3,0.48,0.07,0.03,0.38,0.17,18.42,35.0,83.8,5.55,4.47,1.26,0.41,645.0,0
WNL-Star-Wars-int.txt,0.29,2.15,2.01,4.3,0.46,0.08,0.03,0.37,0.16,22.11,36.0,77.6,7.27,4.59,1.29,0.42,796.0,1
WNL-Still-no-flying-cars-adv.txt,0.18,1.97,1.77,4.04,0.24,0.09,0.05,0.33,0.19,32.64,34.0,46.72,14.1,5.06,1.53,0.44,1110.0,2
WNL-Still-no-flying-cars-ele.txt,0.22,2.05,1.79,4.17,0.16,0.09,0.05,0.33,0.19,24.73,26.0,58.18,10.64,4.93,1.49,0.44,643.0,0
WNL-Still-no-flying-cars-int.txt,0.19,2.01,1.75,4.05,0.16,0.09,0.05,0.33,0.19,27.93,31.0,50.59,12.48,5.07,1.54,0.43,866.0,1
WNL-Swarthy-caveman-adv.txt,0.21,2.1,1.94,4.14,0.21,0.12,0.04,0.29,0.18,23.72,33.0,64.19,9.7,4.99,1.42,0.45,783.0,2
WNL-Swarthy-caveman-ele.txt,0.13,2.28,2.04,4.28,0.18,0.13,0.05,0.27,0.18,20.26,23.0,75.19,7.35,4.72,1.33,0.46,466.0,0
WNL-Swarthy-caveman-int.txt,0.21,2.17,2.01,4.23,0.19,0.12,0.04,0.29,0.17,22.7,27.0,69.13,8.75,4.92,1.37,0.45,613.0,1
WNL-Switched-Babies-adv.txt,0.28,2.52,2.28,4.57,0.37,0.08,0.05,0.26,0.2,19.32,43.0,78.09,6.57,4.56,1.31,0.4,831.0,2
WNL-Switched-Babies-ele.txt,0.17,2.88,2.49,4.89,0.47,0.06,0.06,0.27,0.21,17.86,23.0,89.41,4.64,4.31,1.2,0.41,411.0,0
WNL-Switched-Babies-int.txt,0.25,2.59,2.33,4.65,0.37,0.07,0.05,0.27,0.19,20.38,36.0,80.94,6.39,4.49,1.27,0.4,734.0,1
WNL-Ten-ideas-adv.txt,0.24,2.05,1.96,4.06,0.27,0.13,0.07,0.33,0.14,18.29,31.0,65.08,8.24,5.09,1.47,0.56,567.0,2
WNL-Ten-ideas-ele.txt,0.31,2.36,2.2,4.41,0.36,0.12,0.04,0.36,0.14,16.11,26.0,76.5,6.18,4.71,1.36,0.52,419.0,0
WNL-Ten-ideas-int.txt,0.28,2.13,2.02,4.12,0.3,0.13,0.05,0.34,0.14,16.61,31.0,65.66,7.79,5.04,1.49,0.56,515.0,1
WNL-The-Greek-island-adv.txt,0.3,2.29,2.19,4.48,0.16,0.09,0.07,0.28,0.18,28.65,38.0,70.5,9.95,4.43,1.29,0.42,1089.0,2
WNL-The-Greek-island-ele.txt,0.35,2.35,2.24,4.62,0.16,0.11,0.07,0.29,0.17,19.0,38.0,83.25,5.76,4.37,1.26,0.42,722.0,0
WNL-The-Greek-island-int.txt,0.35,2.3,2.21,4.54,0.17,0.09,0.07,0.28,0.18,25.73,34.0,77.8,8.09,4.39,1.25,0.42,875.0,1
WNL-The-age-of-music-adv.txt,0.27,2.23,2.05,4.36,0.25,0.08,0.07,0.31,0.19,23.65,38.0,78.75,7.44,4.47,1.26,0.43,899.0,2
WNL-The-age-of-music-ele.txt,0.25,2.21,2.03,4.29,0.26,0.09,0.05,0.34,0.16,18.71,28.0,87.7,5.06,4.4,1.21,0.47,524.0,0
WNL-The-age-of-music-int.txt,0.26,2.27,2.07,4.44,0.23,0.09,0.05,0.32,0.18,21.5,32.0,85.42,6.04,4.36,1.2,0.44,688.0,1
WNL-The-last-adv.txt,0.24,2.19,2.03,4.26,0.2,0.14,0.06,0.26,0.16,20.09,41.0,77.98,6.87,4.46,1.3,0.43,824.0,2
WNL-The-last-ele.txt,0.25,2.37,2.17,4.45,0.2,0.13,0.05,0.28,0.17,13.67,40.0,90.12,3.66,4.3,1.23,0.42,547.0,0
WNL-The-last-int.txt,0.28,2.28,2.09,4.34,0.19,0.13,0.06,0.28,0.17,16.24,37.0,80.99,5.55,4.41,1.31,0.43,601.0,1
WNL-The-lightweight-adv.txt,0.28,2.26,2.13,4.52,0.31,0.09,0.04,0.24,0.21,24.22,40.0,84.32,6.88,4.34,1.18,0.38,969.0,2
WNL-The-lightweight-ele.txt,0.31,2.51,2.33,4.72,0.31,0.1,0.05,0.23,0.21,17.94,36.0,92.77,4.3,4.29,1.15,0.36,646.0,0
WNL-The-lightweight-int.txt,0.33,2.38,2.25,4.62,0.33,0.09,0.05,0.24,0.21,21.47,36.0,89.74,5.53,4.27,1.15,0.38,773.0,1
WNL-The-millenials-adv.txt,0.11,2.53,2.17,4.54,0.2,0.07,0.05,0.26,0.19,22.63,52.0,74.84,7.78,4.38,1.32,0.37,1177.0,2
WNL-The-millenials-ele.txt,0.14,2.69,2.35,4.64,0.23,0.06,0.05,0.26,0.2,18.2,35.0,82.31,5.77,4.31,1.27,0.4,637.0,0
WNL-The-millenials-int.txt,0.13,2.59,2.24,4.59,0.19,0.07,0.04,0.26,0.2,20.28,45.0,79.34,6.68,4.32,1.28,0.38,913.0,1
WNL-Tributes-adv.txt,0.2,2.21,2.06,4.32,0.36,0.06,0.04,0.33,0.15,27.55,40.0,73.46,9.02,4.51,1.28,0.46,1102.0,2
WNL-Tributes-ele.txt,0.21,2.38,2.16,4.46,0.39,0.05,0.05,0.34,0.15,19.37,37.0,89.38,4.98,4.26,1.18,0.45,717.0,0
WNL-Tributes-int.txt,0.21,2.31,2.13,4.44,0.35,0.06,0.04,0.34,0.14,23.84,38.0,80.89,7.14,4.37,1.23,0.46,906.0,1
WNL-Use-of-e-cig-adv.txt,0.34,2.06,1.85,4.27,0.2,0.05,0.06,0.3,0.22,24.13,36.0,59.69,10.28,4.97,1.48,0.42,869.0,2
WNL-Use-of-e-cig-ele.txt,0.33,2.2,1.92,4.42,0.19,0.06,0.06,0.3,0.21,16.88,35.0,68.75,7.35,5.0,1.45,0.43,591.0,0
WNL-Use-of-e-cig-int.txt,0.3,2.1,1.85,4.3,0.19,0.05,0.06,0.3,0.23,23.21,33.0,60.59,9.94,4.95,1.48,0.43,766.0,1
WNL-Vienna-adv.txt,0.17,2.05,1.8,3.91,0.33,0.12,0.06,0.33,0.15,23.95,40.0,62.02,9.73,4.91,1.46,0.43,958.0,2
WNL-Vienna-ele.txt,0.21,2.24,1.95,4.18,0.47,0.11,0.05,0.34,0.15,17.73,23.0,76.06,6.36,4.52,1.36,0.49,408.0,0
WNL-Vienna-int.txt,0.18,2.1,1.83,3.96,0.37,0.13,0.05,0.33,0.14,22.8,36.0,65.29,8.95,4.81,1.44,0.43,821.0,1
WNL-Waiters-adv.txt,0.29,2.23,2.06,4.36,0.13,0.06,0.06,0.28,0.2,22.07,56.0,77.93,7.17,4.37,1.29,0.34,1236.0,2
WNL-Waiters-ele.txt,0.25,2.36,2.1,4.42,0.12,0.07,0.04,0.3,0.19,19.82,40.0,86.49,5.53,4.12,1.21,0.34,793.0,0
WNL-Waiters-int.txt,0.3,2.24,2.08,4.37,0.13,0.06,0.05,0.3,0.18,20.24,49.0,83.16,6.06,4.26,1.24,0.32,992.0,1
WNL-Ways-Facebook-changed-adv.txt,0.25,2.23,2.01,4.31,0.21,0.08,0.06,0.32,0.17,23.93,58.0,64.53,9.45,4.75,1.43,0.4,1388.0,2
WNL-Ways-Facebook-changed-ele.txt,0.2,2.55,2.18,4.65,0.23,0.08,0.04,0.32,0.18,20.77,40.0,71.53,7.79,4.59,1.38,0.41,831.0,0
WNL-Ways-Facebook-changed-int.txt,0.24,2.37,2.1,4.47,0.25,0.08,0.06,0.32,0.18,21.93,48.0,66.27,8.77,4.69,1.43,0.41,1053.0,1
WNL-We-must-adv.txt,0.33,2.25,2.11,4.23,0.16,0.08,0.05,0.34,0.18,29.89,37.0,61.45,10.78,4.77,1.42,0.35,1106.0,2
WNL-We-must-ele.txt,0.45,2.77,2.5,4.73,0.16,0.05,0.04,0.35,0.16,22.06,32.0,87.35,5.58,4.39,1.19,0.33,706.0,0
WNL-We-must-int.txt,0.34,2.38,2.18,4.31,0.13,0.06,0.04,0.35,0.19,24.23,34.0,69.99,8.42,4.69,1.37,0.36,824.0,1
WNL-Wealth-therapy-adv.txt,0.26,2.51,2.19,4.6,0.21,0.09,0.05,0.28,0.19,19.51,60.0,83.88,5.58,4.47,1.25,0.36,1171.0,2
WNL-Wealth-therapy-ele.txt,0.34,2.73,2.41,4.93,0.29,0.1,0.04,0.26,0.2,15.72,43.0,90.14,4.02,4.37,1.21,0.34,676.0,0
WNL-Wealth-therapy-int.txt,0.29,2.59,2.27,4.72,0.28,0.09,0.05,0.28,0.2,19.02,47.0,83.72,5.54,4.47,1.26,0.37,894.0,1
WNL-Whats-the-secret-adv.txt,0.38,2.38,2.18,4.53,0.22,0.09,0.08,0.26,0.17,21.25,47.0,68.89,8.29,4.67,1.4,0.4,999.0,2
WNL-Whats-the-secret-ele.txt,0.38,2.67,2.4,4.75,0.16,0.07,0.07,0.25,0.16,16.71,32.0,88.35,4.52,4.36,1.22,0.4,535.0,0
WNL-Whats-the-secret-int.txt,0.41,2.49,2.27,4.63,0.21,0.08,0.08,0.27,0.16,18.88,43.0,76.15,6.69,4.56,1.34,0.39,812.0,1
WNL-What-does-Apple-adv.txt,0.35,2.22,2.13,4.45,0.4,0.08,0.07,0.3,0.18,22.18,48.0,69.46,8.35,4.65,1.39,0.39,1065.0,2
WNL-What-does-Apple-ele.txt,0.45,2.41,2.32,4.68,0.49,0.07,0.05,0.33,0.19,16.85,42.0,74.84,6.41,4.58,1.38,0.38,708.0,0
WNL-What-does-Apple-int.txt,0.37,2.31,2.21,4.58,0.45,0.07,0.06,0.31,0.18,18.91,47.0,75.43,6.78,4.55,1.35,0.39,889.0,1
WNL-What-is-worlds-adv.txt,0.27,2.17,2.05,4.13,0.46,0.09,0.07,0.32,0.18,26.4,44.0,59.27,10.76,4.8,1.46,0.45,1162.0,2
WNL-What-is-worlds-ele.txt,0.37,2.56,2.28,4.65,0.46,0.08,0.06,0.32,0.19,17.02,40.0,81.04,5.62,4.37,1.3,0.41,681.0,0
WNL-What-is-worlds-int.txt,0.29,2.28,2.08,4.26,0.44,0.1,0.07,0.31,0.19,25.51,33.0,64.63,9.77,4.68,1.41,0.45,842.0,1
WNL-Who-can-stop-Trump-adv.txt,0.21,2.09,1.87,4.13,0.1,0.08,0.06,0.28,0.19,24.29,44.0,66.52,9.43,4.77,1.39,0.45,1069.0,2
WNL-Who-can-stop-Trump-ele.txt,0.27,2.3,2.08,4.4,0.08,0.08,0.06,0.28,0.2,18.75,33.0,82.17,5.89,4.57,1.27,0.48,619.0,0
WNL-Who-can-stop-Trump-int.txt,0.24,2.18,1.97,4.28,0.1,0.08,0.06,0.28,0.19,20.73,41.0,75.09,7.37,4.67,1.33,0.45,850.0,1
WNL-Who-invented-adv.txt,0.26,2.22,2.17,4.52,0.33,0.05,0.04,0.3,0.2,24.41,46.0,77.05,7.84,4.58,1.27,0.39,1123.0,2
WNL-Who-invented-ele.txt,0.27,2.3,2.32,4.69,0.49,0.05,0.03,0.34,0.17,17.3,36.0,84.56,5.09,4.61,1.26,0.41,623.0,0
WNL-Who-invented-int.txt,0.23,2.19,2.18,4.52,0.39,0.05,0.04,0.32,0.19,21.87,39.0,80.29,6.71,4.62,1.27,0.41,853.0,1
WNL-Why-are-people-so-wrong-adv.txt,0.19,2.35,1.91,4.45,0.05,0.11,0.09,0.27,0.17,26.03,32.0,61.04,10.11,4.79,1.46,0.37,833.0,2
WNL-Why-are-people-so-wrong-ele.txt,0.27,2.52,2.03,4.64,0.07,0.11,0.08,0.3,0.18,21.71,28.0,67.49,8.14,4.71,1.43,0.33,608.0,0
WNL-Why-are-people-so-wrong-int.txt,0.17,2.42,1.93,4.48,0.06,0.12,0.09,0.27,0.17,23.67,31.0,61.73,9.49,4.83,1.48,0.36,734.0,1
WNL-Why-we-should--adv.txt,0.29,2.23,2.06,4.18,0.3,0.1,0.09,0.26,0.19,27.41,24.0,56.85,11.38,4.92,1.48,0.51,658.0,2
WNL-Why-we-should--ele.txt,0.38,2.54,2.39,4.62,0.41,0.08,0.09,0.25,0.21,19.0,25.0,79.37,6.35,4.52,1.3,0.46,475.0,0
WNL-Why-we-should--int.txt,0.34,2.36,2.22,4.4,0.35,0.09,0.09,0.25,0.21,22.25,28.0,66.79,8.83,4.73,1.41,0.46,623.0,1
WNL-Why-you-should-start-work-at-10-adv.txt,0.22,2.27,1.98,4.41,0.22,0.08,0.07,0.25,0.17,20.26,34.0,80.47,6.3,4.5,1.28,0.44,689.0,2
WNL-Why-you-should-start-work-at-10-ele.txt,0.26,2.37,2.05,4.51,0.23,0.08,0.07,0.27,0.18,18.7,31.0,86.5,5.11,4.4,1.23,0.42,580.0,0
WNL-Why-you-should-start-work-at-10-int.txt,0.25,2.35,2.05,4.5,0.21,0.08,0.07,0.25,0.18,19.93,33.0,83.55,5.82,4.44,1.25,0.43,658.0,1
WNL-Will-drones-adv.txt,0.37,2.27,2.12,4.5,0.17,0.08,0.07,0.3,0.19,24.55,43.0,65.26,9.52,4.68,1.41,0.42,1056.0,2
WNL-Will-drones-ele.txt,0.31,2.39,2.21,4.66,0.12,0.07,0.07,0.27,0.23,18.08,35.0,83.53,5.51,4.32,1.26,0.4,633.0,0
WNL-Will-drones-int.txt,0.4,2.33,2.2,4.61,0.16,0.08,0.06,0.29,0.2,22.28,39.0,71.76,8.1,4.54,1.36,0.42,869.0,1
WNL-Winter-adv.txt,0.28,2.42,2.22,4.61,0.21,0.07,0.07,0.31,0.17,26.42,49.0,78.66,8.16,4.38,1.23,0.36,1295.0,2
WNL-Winter-ele.txt,0.24,2.52,2.31,4.68,0.24,0.08,0.05,0.32,0.15,17.25,40.0,96.2,3.52,4.27,1.12,0.38,690.0,0
WNL-Winter-int.txt,0.27,2.42,2.22,4.55,0.22,0.07,0.05,0.32,0.16,21.46,39.0,85.83,5.99,4.32,1.2,0.39,837.0,1
WNL-World-Cup-adv.txt,0.23,2.2,2.05,4.34,0.28,0.09,0.06,0.31,0.18,22.79,39.0,81.11,7.09,4.53,1.23,0.45,889.0,2
WNL-World-Cup-ele.txt,0.21,2.21,2.05,4.36,0.31,0.1,0.05,0.32,0.18,17.92,40.0,83.27,5.65,4.59,1.26,0.44,717.0,0
WNL-World-Cup-int.txt,0.2,2.24,2.07,4.43,0.28,0.1,0.06,0.31,0.18,20.35,39.0,83.48,6.21,4.49,1.23,0.44,794.0,1
WNL-Young-Americans-adv.txt,0.24,2.12,2.0,4.16,0.2,0.09,0.06,0.32,0.19,22.16,49.0,65.72,9.05,4.81,1.42,0.46,1086.0,2
WNL-Young-Americans-ele.txt,0.18,2.18,1.99,4.27,0.17,0.08,0.06,0.32,0.19,18.45,37.0,69.83,7.57,4.79,1.42,0.44,683.0,0
WNL-Young-Americans-int.txt,0.25,2.13,2.02,4.22,0.2,0.09,0.06,0.32,0.18,22.9,40.0,66.87,8.96,4.79,1.41,0.46,916.0,1
WNL-are-you-a-bad-boyfriend-adv.txt,0.23,2.32,2.08,4.36,0.17,0.05,0.06,0.31,0.21,18.45,35.0,75.12,6.74,4.81,1.36,0.47,646.0,2
WNL-are-you-a-bad-boyfriend-ele.txt,0.17,2.3,2.07,4.4,0.24,0.04,0.03,0.34,0.19,17.13,23.0,88.33,4.62,4.68,1.22,0.48,394.0,0
WNL-are-you-a-bad-boyfriend-int.txt,0.22,2.27,2.04,4.3,0.16,0.05,0.04,0.32,0.22,17.21,32.0,76.72,6.29,4.86,1.35,0.47,551.0,1
WNL-shark-adv.txt,0.32,2.13,1.99,4.1,0.16,0.07,0.03,0.34,0.21,26.65,29.0,62.37,10.66,4.93,1.41,0.44,773.0,2
WNL-shark-ele.txt,0.29,2.3,2.04,4.3,0.21,0.05,0.02,0.33,0.21,23.23,30.0,74.47,7.97,4.68,1.31,0.39,697.0,0
WNL-shark-int.txt,0.3,2.2,1.98,4.21,0.17,0.06,0.03,0.33,0.21,24.65,29.0,67.37,9.49,4.86,1.37,0.42,715.0,1
WNL-six-well-paid-jobs-adv.txt,0.37,2.18,2.07,4.36,0.24,0.1,0.05,0.35,0.14,23.85,42.0,55.47,10.62,4.88,1.54,0.4,1002.0,2
WNL-six-well-paid-jobs-ele.txt,0.37,2.44,2.25,4.68,0.22,0.11,0.04,0.32,0.16,19.0,42.0,67.26,7.9,4.64,1.45,0.36,798.0,0
WNL-six-well-paid-jobs-int.txt,0.38,2.25,2.11,4.4,0.21,0.11,0.05,0.34,0.15,21.76,42.0,58.36,9.74,4.85,1.53,0.39,914.0,1
Zero-Hours-adv.txt,0.34,1.99,1.94,4.27,0.16,0.1,0.03,0.32,0.16,32.77,27.0,57.14,12.49,4.96,1.42,0.43,885.0,2
Zero-Hours-ele.txt,0.35,1.99,1.97,4.29,0.14,0.12,0.02,0.35,0.15,22.52,23.0,62.39,9.34,5.08,1.47,0.43,518.0,0
Zero-Hours-int.txt,0.28,1.97,1.9,4.2,0.14,0.11,0.03,0.32,0.17,27.11,26.0,58.13,11.05,5.06,1.47,0.43,705.0,1
climate-change--adv.txt,0.28,1.78,1.65,3.59,0.19,0.14,0.06,0.32,0.17,25.06,30.0,49.35,11.8,5.32,1.59,0.46,752.0,2
climate-change--ele.txt,0.29,1.99,1.82,3.87,0.2,0.11,0.07,0.33,0.15,20.0,29.0,67.25,8.17,4.99,1.44,0.41,580.0,0
climate-change--int.txt,0.27,1.83,1.67,3.63,0.18,0.13,0.05,0.32,0.18,21.89,28.0,54.34,10.4,5.3,1.57,0.47,613.0,1